Field Label,Field codes from various collections that map to that Label
Venue Address 3,fd_4546_sfd_5551_s | 
Born Digital Creators,fd_31641_s
Archival Collection,fd_15622_sfd_19459_s | fd_4556_s | fd_24750_s | fd_22789_s | fd_17195_s | fd_18705_s | fd_5355_s | fd_22279_s | fd_62381_s | 
Graphic Designer,fd_4547_lookupfd_5552_lookup | 
"ARTstor Workspace, Cornell: Claire Holt Papers: Images of Indonesian Art, Architecture, and Culture: Published On",publishing_status-165-updated_on
"ARTstor Workspace, Cornell Arts & Sciences Images for Teaching Collection: Published By",publishing_status.677.updated_by
Sequence Number,sequence_numberfd_30065_s | 
"Shared Shelf Commons, Cornell: Hip Hop Party and Event Flyers: Published On",publishing_status-200-updated_on
"Shared Shelf Commons, Billie Jean Isbell Andean Collection: Published By",publishing_status.101.updated_by
"ARTstor Workspace, Cornell: The Experimental Television Center Video Archives: Status",publishing_status.421.status
Proposed population,fd_47963_s
Image File Name,fd_51164_sfd_31519_s | 
Odd,fd_4014_mfcl_lookup
Winckelmann No.,fd_27241_s
Coverage,fd_3486_lookupfd_42430_lookup | 
"ARTstor Workspace, Archivision Library Module 9 - Cornell: Status",publishing_status.759.statuspublishing_status.1175.status | 
"Shared Shelf Commons, Cornell: Images from the Rare Book and Manuscript Collections: Published By",publishing_status.553.updated_by
_Creator 3 Type,fd_31642_mfcl_lookup
Work_Classification,fd_35658_sfd_46678_s | fd_21175_s | fd_21251_s | fd_5458_s | 
"Shared Shelf Commons, Cornell: Ragamala Paintings Collection: Status",publishing_status.1114.status
Election,fd_41114_s
Reference,fd_4502_s
Disc Type,fd_24718_mfcl_lookup
Loan Status,fd_51071_s
Title (English translation),fd_53994_s
"Shared Shelf Commons, Cornell: The J. R. Sitlington Sterrett Collection of Archaeological Photographs: Published By",publishing_status.2301.updated_by
Color notes,fd_47961_s
Related works (influenced),fd_47960_s
"ARTstor Workspace, Cornell: International Ladies' Garment Workers' Union Photographs: Status",publishing_status.281.status
"Shared Shelf Commons, Cornell: Southern Tenant Farmers Union Photographs: Published By",publishing_status.274.updated_by
GRAPHICAL DEPICTION,fd_47966_mfcl_lookup
Image_Title,fd_35650_sfd_46670_s | fd_21166_s | fd_21242_s | fd_5450_s | 
"ARTstor Workspace, Cornell: Reuleaux Kinematic Mechanisms Collection: Status",publishing_status.153.status
Creator Biography,fd_41109_s
Faces,fd_18706_mfcl_lookup
Published Source,fd_43816_sfd_47920_s | 
Artstor Classification,fd_14718_mfcl_lookupfd_44662_mfcl_lookup | fd_24235_mfcl_lookup | fd_35657_mfcl_lookup | fd_15745_mfcl_lookup | fd_4516_mfcl_lookup | fd_24657_mfcl_lookup | fd_4792_mfcl_lookup | fd_31107_mfcl_lookup | fd_51017_mfcl_lookup | fd_25451_mfcl_lookup | fd_36153_mfcl_lookup | fd_3160_mfcl_lookup | fd_58688_mfcl_lookup | fd_41082_mfcl_lookup | fd_25701_mfcl_lookup | fd_1472_mfcl_lookup | fd_1505_mfcl_lookup | fd_1538_mfcl_lookup | fd_4086_mfcl_lookup | fd_22770_mfcl_lookup | fd_20054_mfcl_lookup | fd_44722_mfcl_lookup | fd_17176_mfcl_lookup | fd_3369_mfcl_lookup | fd_31579_mfcl_lookup | fd_41003_mfcl_lookup | fd_46677_mfcl_lookup | fd_31363_mfcl_lookup | fd_27329_mfcl_lookup | fd_1954_mfcl_lookup | fd_3455_mfcl_lookup | fd_3500_mfcl_lookup | fd_2085_mfcl_lookup | fd_2113_mfcl_lookup | fd_3537_mfcl_lookup | fd_42110_mfcl_lookup | fd_2140_mfcl_lookup | fd_2184_mfcl_lookup | fd_29974_mfcl_lookup | fd_28512_mfcl_lookup | fd_52313_mfcl_lookup | fd_2259_mfcl_lookup | fd_2303_mfcl_lookup | fd_2333_mfcl_lookup | fd_52349_mfcl_lookup | fd_18685_mfcl_lookup | fd_30046_mfcl_lookup | fd_31041_mfcl_lookup | fd_47900_mfcl_lookup | fd_47934_mfcl_lookup | fd_4463_mfcl_lookup | fd_40120_mfcl_lookup | fd_31012_mfcl_lookup | fd_21174_mfcl_lookup | fd_21250_mfcl_lookup | fd_5332_mfcl_lookup | fd_5371_mfcl_lookup | fd_31490_mfcl_lookup | fd_5457_mfcl_lookup | fd_5533_mfcl_lookup | fd_3121_mfcl_lookup | fd_34857_mfcl_lookup | fd_42378_mfcl_lookup | fd_21814_mfcl_lookup | fd_58236_mfcl_lookup | fd_6331_mfcl_lookup | fd_22265_mfcl_lookup | fd_51670_mfcl_lookup | fd_34436_mfcl_lookup | fd_52744_mfcl_lookup | 
"Shared Shelf Commons, Cornell: Plant Pathology Herbarium (CUP): Status",publishing_status.168.status
Artstor Country,fd_31372_mfcl_lookupfd_31496_mfcl_lookup | 
Description (not public),fd_36505_s
City/State,fd_58678_lookupfd_40110_lookup | fd_34946_lookup | 
Style/Period,fd_44659_lookupfd_24232_lookup | fd_16249_lookup | fd_24654_lookup | fd_31104_lookup | fd_51014_lookup | fd_25448_lookup | fd_36150_lookup | fd_58686_lookup | fd_1469_s | fd_1502_lookup | fd_1535_s | fd_22767_lookup | fd_20051_lookup | fd_44719_lookup | fd_17173_lookup | fd_3389_lookup | fd_41000_lookup | fd_31360_lookup | fd_2082_s | fd_2110_s | fd_42107_lookup | fd_2181_s | fd_29971_lookup | fd_28509_lookup | fd_52310_lookup | fd_52346_lookup | fd_18682_lookup | fd_30043_lookup | fd_31038_lookup | fd_47897_lookup | fd_47931_lookup | fd_40118_lookup | fd_31009_lookup | fd_31487_s | fd_34854_lookup | fd_42375_lookup | fd_58233_lookup | fd_51667_lookup | fd_34433_lookup | fd_52741_lookup | 
Catalog link,fd_52531_s
Place of Publication,fd_4038_lookup
MasterFileFormat,fd_4214_s
Original Call Number,fd_3488_s
"ARTstor Workspace, Archivision Library - Addition Module Six: Status",publishing_status.205.status
Work_MeasurementDisplay,fd_35656_sfd_46676_s | fd_21173_s | fd_21249_s | fd_5456_s | 
"Shared Shelf Commons, Cornell: Obama Visual Iconography: Published By",publishing_status.250.updated_by
"Shared Shelf Commons, Cornell: Beyond the Taj: Architectural Traditions and Landscape Experience in South Asia: Status",publishing_status.958.status
RelationType1,fd_35675_sfd_46695_s | fd_21203_s | fd_21279_s | fd_5480_s | 
New Accession Number,fd_2165_sfd_21833_s | 
Image view type,fd_26735_mfcl_lookup
Accession Sequence,fd_51062_s
Creator (Illustrator),fd_2292_lookup
Created On,created_on
Descriptor,fd_41119_s
"Shared Shelf Commons, Cornell: John Reps Collection: Published By",publishing_status.438.updated_by
Elevation,fd_44670_sfd_24243_s | fd_24665_s | fd_31115_s | fd_51025_s | fd_25459_s | fd_36161_s | fd_58682_s | fd_1480_s | fd_1513_s | fd_1546_s | fd_22778_s | fd_20062_s | fd_44730_s | fd_3377_s | fd_41011_s | fd_31371_s | fd_27337_s | fd_42118_s | fd_2148_s | fd_29982_s | fd_28520_s | fd_52321_s | fd_52357_s | fd_18693_s | fd_31049_s | fd_47908_s | fd_47942_s | fd_40114_s | fd_31020_s | fd_34865_s | fd_42386_s | fd_21822_s | fd_51678_s | 
"Shared Shelf Commons, Cornell: Efraim Racker Paintings: Published On",publishing_status-412-updated_on
"ARTstor Workspace, Cornell: New York Call Photographs: Published On",publishing_status-275-updated_on
Culture,fd_14708_sfd_44652_lookup | fd_24225_lookup | fd_15735_s | fd_4506_s | fd_24647_lookup | fd_4782_s | fd_31097_lookup | fd_51007_lookup | fd_25441_lookup | fd_36143_lookup | fd_3179_lookup | fd_58673_lookup | fd_41072_lookup | fd_1462_s | fd_1495_lookup | fd_1528_s | fd_4076_s | fd_22760_lookup | fd_20044_lookup | fd_44712_lookup | fd_17166_s | fd_3388_lookup | fd_31571_lookup | fd_40993_lookup | fd_31353_lookup | fd_27319_lookup | fd_1944_s | fd_3490_s | fd_2075_lookup | fd_2105_s | fd_3527_s | fd_42100_lookup | fd_2174_s | fd_29964_lookup | fd_28502_lookup | fd_52303_s | fd_2249_s | fd_2293_lookup | fd_2323_s | fd_52339_lookup | fd_18675_lookup | fd_30036_lookup | fd_31031_lookup | fd_47890_lookup | fd_4482_lookup | fd_40105_lookup | fd_31002_lookup | fd_31481_s | fd_5526_s | fd_3111_s | fd_34847_lookup | fd_42368_lookup | fd_58227_lookup | fd_51660_lookup | fd_34426_lookup | fd_3986_lookup | fd_52734_lookup | 
"Shared Shelf Commons, Cornell: Andrew Dickson White Collection of Architectural Photographs: Published By",publishing_status.959.updated_by
Original Storage Medium,fd_2211_s
"ARTstor Workspace, Archivision Library - Addition Module Six: Published On",publishing_status-205-updated_on
Reference link,fd_41445_sfd_58253_s | 
Style/Period ,fd_4483_lookup
Note,fd_2288_sfd_38311_s | 
Country (original),fd_25710_mfcl_lookup
Units (Dimensions),fd_62095_mfcl_lookup
Sponsor Year,fd_53888_s
"Shared Shelf Commons, Cornell: Lowentheil Collection of African-American Photographs: Published By",publishing_status.1236.updated_by
"Shared Shelf Commons, Cornell: Bernard Kassoy Teacher News Cartoons: Published By",publishing_status.286.updated_by
"ARTstor Workspace, Cornell Squeeze Collection: Published On",publishing_status-748-updated_on
"Shared Shelf Commons, Cornell: Selections from the Anthropology Collections: Published By",publishing_status.284.updated_by
Invited Guests,fd_4548_sfd_5553_s | 
Publication Author,fd_31384_sfd_31507_s | 
"ARTstor Workspace, Cornell: Images from the Cornell University Library Map Collection: Published On",publishing_status-154-updated_on
Project Description,fd_47944_s
"ARTstor Workspace, Cornell Hip Hop Party and Event Flyers: Published By",publishing_status.199.updated_by
Old Image File,fd_15690_s
Volume Image,fd_2400_s
"Shared Shelf Commons, Cornell: Theatre Prints and Books from Early Modern Japan: Published By",publishing_status.1251.updated_by
Binder/Box Number,fd_34463_s
Collection Title Proper,fd_4815_sfd_31591_s | 
Edition,fd_3480_s
Accession Number,fd_14721_sfd_44665_s | fd_24238_s | fd_15748_s | fd_4519_s | fd_24660_s | fd_24689_s | fd_31110_s | fd_51020_s | fd_25454_s | fd_36156_s | fd_3163_s | fd_58691_s | fd_41085_s | fd_25704_s | fd_1475_s | fd_1508_s | fd_1541_s | fd_22773_s | fd_20057_s | fd_44725_s | fd_17179_s | fd_3372_s | fd_41006_s | fd_1957_s | fd_3458_s | fd_3503_s | fd_2088_s | fd_2116_s | fd_3540_s | fd_42113_s | fd_2143_s | fd_2187_s | fd_28515_s | fd_52316_s | fd_2262_s | fd_2336_s | fd_52352_s | fd_18688_s | fd_31044_s | fd_47903_s | fd_47937_s | fd_4466_s | fd_40123_s | fd_31015_s | fd_5335_s | fd_5374_s | fd_5536_s | fd_3124_s | fd_34860_s | fd_42381_s | fd_21817_s | fd_22268_s | fd_51673_s | fd_52747_s | 
Multigenerational,fd_51052_s
Image_OriginalVendorID,fd_35666_sfd_46686_s | fd_21190_s | fd_21266_s | fd_5466_s | 
Month,fd_43480_s
"Shared Shelf Commons, Cornell: Plant Pathology Herbarium (CUP): Published On",publishing_status-168-updated_on
"ARTstor Workspace, Obama Visual Iconography: Published On",publishing_status-249-updated_on
Directions,fd_4553_sfd_5558_s | 
Image Measurements,fd_4494_s
Deaccession Date,fd_51067_s
"Shared Shelf Commons, Billie Jean Isbell Andean Collection: Status",publishing_status.101.status
CULAR Depositor NetID,fd_28707_s
Architect Earliest Date,fd_50382_s
"ARTstor Workspace, Cornell: Billie Jean Isbell Andean Collection: Published By",publishing_status.149.updated_by
Working Files Location,fd_56973_s
Reps Sequence No.,fd_28388_s
Inscription,fd_26729_sfd_2125_s | fd_35683_s | fd_21870_s | fd_58241_s | fd_34461_s | 
"Shared Shelf Commons, Cornell: John Reps Collection: Published On",publishing_status-438-updated_on
Graphical Depiction Term,fd_50378_s
Medium (original),fd_26741_lookup
"ARTstor Workspace, Cornell: The Joe Conzo, Jr  Archive: Status",publishing_status.324.status
"Shared Shelf Commons, Cornell: Alison Mason Kingsbury: Life and Art: Published By",publishing_status.85.updated_by
Image Agent Role,fd_4490_s
Subject Interpretation,fd_2385_s
"Shared Shelf Commons, Cornell: Political Americana Collection: Published By",publishing_status.1131.updated_by
"Shared Shelf Commons, Cornell: Persuasive Cartography: The PJ Mode Collection: Published By",publishing_status.956.updated_bypublishing_status.1674.updated_by | 
Restrictions on Access,fd_28694_mfcl_lookup
Image Relation Type,fd_4498_s
"ARTstor Workspace, Cornell: Laboratory of Ornithology Gallery of Bird and Wildlife Art: Status",publishing_status.1352.status
Country,fd_14727_mfcl_lookupfd_44671_mfcl_lookup | fd_24244_mfcl_lookup | fd_35660_mfcl_lookup | fd_15754_mfcl_lookup | fd_4525_mfcl_lookup | fd_24666_mfcl_lookup | fd_4801_mfcl_lookup | fd_31116_mfcl_lookup | fd_51026_mfcl_lookup | fd_25460_mfcl_lookup | fd_36162_mfcl_lookup | fd_3169_mfcl_lookup | fd_58674_mfcl_lookup | fd_41091_mfcl_lookup | fd_1481_mfcl_lookup | fd_1514_mfcl_lookup | fd_1547_mfcl_lookup | fd_4095_mfcl_lookup | fd_22779_mfcl_lookup | fd_20063_mfcl_lookup | fd_44731_mfcl_lookup | fd_17185_mfcl_lookup | fd_3378_mfcl_lookup | fd_31584_mfcl_lookup | fd_41012_mfcl_lookup | fd_46680_mfcl_lookup | fd_27338_mfcl_lookup | fd_1979_mfcl_lookup | fd_3464_mfcl_lookup | fd_3509_mfcl_lookup | fd_2094_mfcl_lookup | fd_2118_mfcl_lookup | fd_3546_mfcl_lookup | fd_42119_mfcl_lookup | fd_2149_mfcl_lookup | fd_2193_mfcl_lookup | fd_29983_mfcl_lookup | fd_28521_mfcl_lookup | fd_52322_mfcl_lookup | fd_2268_mfcl_lookup | fd_2312_mfcl_lookup | fd_2342_mfcl_lookup | fd_52358_mfcl_lookup | fd_18694_mfcl_lookup | fd_30055_mfcl_lookup | fd_31050_mfcl_lookup | fd_47909_mfcl_lookup | fd_47943_mfcl_lookup | fd_4472_mfcl_lookup | fd_40106_mfcl_lookup | fd_31021_mfcl_lookup | fd_21183_mfcl_lookup | fd_21259_mfcl_lookup | fd_5341_mfcl_lookup | fd_38638_s | fd_5460_mfcl_lookup | fd_5538_mfcl_lookup | fd_3130_mfcl_lookup | fd_34866_mfcl_lookup | fd_42387_mfcl_lookup | fd_21823_mfcl_lookup | fd_58239_mfcl_lookup | fd_53981_mfcl_lookup | fd_6340_mfcl_lookup | fd_22270_mfcl_lookup | fd_51679_mfcl_lookup | fd_52753_mfcl_lookup | 
_Institutional Repository Address,fd_28705_s
"ARTstor Workspace, Archivision Library - Module 8 - Cornell: Published On",publishing_status-420-updated_on
Physical Action Note,fd_4016_s
Loan Record,fd_51069_s
"Shared Shelf Commons, Cornell: Historic Glacial Images of Alaska and Greenland: Published By",publishing_status.1235.updated_by
"Shared Shelf Commons, Cornell: Campus Artifacts, Art & Memorabilia: Published By",publishing_status.157.updated_by
Architect,fd_47923_lookup
Donor,fd_15768_sfd_51039_s | fd_1491_s | fd_2168_s | fd_6846_mfcl_lookup | fd_21835_s | fd_22280_s | 
Date designed for,fd_47954_s
"Shared Shelf Commons, Cornell: The Joe Conzo, Jr  Archive: Published On",publishing_status-325-updated_on
City,fd_50384_lookup
Title,fd_14709_sfd_44653_s | fd_15736_s | fd_4507_s | fd_24648_s | fd_24677_s | fd_4783_s | fd_31098_s | fd_51008_s | fd_25442_s | fd_36144_s | fd_3151_s | fd_41073_s | fd_25692_s | fd_1463_s | fd_1496_s | fd_1529_s | fd_22761_s | fd_20045_s | fd_44713_s | fd_17167_s | fd_3360_s | fd_31572_s | fd_40994_s | fd_31354_s | fd_27320_s | fd_1945_s | fd_3446_s | fd_3491_s | fd_2076_s | fd_2106_s | fd_3528_s | fd_42101_s | fd_2131_s | fd_2175_s | fd_28503_s | fd_52304_s | fd_2250_s | fd_65653_s | fd_2324_s | fd_52340_s | fd_18676_s | fd_31032_s | fd_47891_s | fd_4454_s | fd_60771_s | fd_31003_s | fd_5323_s | fd_5362_s | fd_31480_s | fd_5527_s | fd_3112_s | fd_42369_s | fd_21802_s | fd_6322_s | fd_22260_s | fd_51661_s | fd_3958_s | fd_52735_s | 
Translation,fd_1526_sfd_1559_s | fd_3394_s | 
"Shared Shelf Commons, Cornell: Laboratory of Ornithology Gallery of Bird and Wildlife Art: Published By",publishing_status.1365.updated_by
Keyword,fd_4109_sfd_22286_s | 
Type Term,fd_50377_s
_Digitization Date,fd_28700_s
"Shared Shelf Commons, Mysteries at Eleusis: Images of Inscriptions: Published By",publishing_status.132.updated_by
Updated On,updated_on
Work_Description,fd_35661_sfd_46681_s | fd_21184_s | fd_21260_s | fd_5461_s | 
Digitization Steps,fd_4212_s
Production Company,fd_4035_s
"ARTstor Workspace, Cornell: NewYork-Presbyterian/Weill Cornell Medical Center Archives Image Collection: Published On",publishing_status-222-updated_on
Descriptive Title,fd_42452_s
Compilation,fd_6664_mfcl_lookup
"Omeka Plugin, SharedShelf: Published On",publishing_status-1007-updated_on
"ARTstor Workspace, Cornell: New York Call Photographs: Published By",publishing_status.275.updated_by
Printer/Publisher,fd_2392_s
"Shared Shelf Commons, Cornell: Gem Impressions Collection: Published On",publishing_status-789-updated_on
Creator (original),fd_25690_lookup
Relation,fd_3467_s
Relationships,fd_44674_sfd_24247_s | fd_24669_s | fd_24698_s | fd_31119_s | fd_51029_s | fd_25463_s | fd_36165_s | fd_41094_s | fd_1488_s | fd_1517_s | fd_1550_s | fd_20066_s | fd_44734_s | fd_3381_s | fd_41015_s | fd_31375_lookup | fd_2097_s | fd_2121_s | fd_42122_s | fd_2152_s | fd_29986_s | fd_28524_s | fd_52325_s | fd_52361_s | fd_18697_s | fd_30058_s | fd_31053_s | fd_47912_s | fd_47946_s | fd_4475_s | fd_31024_s | fd_31499_lookup | fd_5641_s | fd_42390_s | fd_21826_s | fd_58244_s | fd_51682_s | fd_6318_s | fd_52756_s | 
Original Filename,fd_58694_sfd_28387_s | fd_40126_s | fd_38874_s | 
Summary,fd_3977_s
Founder,fd_31751_lookup
"ARTstor Workspace, Cornell: Efraim Racker Paintings: Published On",publishing_status-450-updated_on
Publisher,fd_1805_sfd_5866_s | fd_4111_s | fd_5867_s | fd_3481_s | 
"ARTstor Workspace, Archivision Library - Module 7 - Cornell: Published On",publishing_status-418-updated_on
"ARTstor Workspace, Cornell Cast Collection: Status",publishing_status.194.status
Folder #,fd_35125_s
"ARTstor Workspace, Cornell: Campus Artifacts, Art & Memorabilia: Status",publishing_status.32.status
"ARTstor Workspace, Cornell: Oskar Diethelm Library for the History of Psychiatry: Status",publishing_status.481.status
Time Date Stamp,fd_2212_s
"Shared Shelf Commons, Cornell: Alison Mason Kingsbury: Life and Art: Published On",publishing_status-85-updated_on
Series,fd_3485_sfd_55282_s | 
"Shared Shelf Commons, Cornell: Coins Collection : Published By",publishing_status.202.updated_by
Approval,fd_5638_s
"ARTstor Workspace, Cornell: The Joe Conzo, Jr  Archive: Published By",publishing_status.324.updated_by
Metric Height,fd_4819_sfd_31594_s | 
Scientific Name Authorship,fd_5392_s
Image Category,fd_4491_s
DSPS Number,fd_28686_s
"ARTstor Workspace, Cornell: Efraim Racker Paintings: Published By",publishing_status.450.updated_by
"Shared Shelf Commons, Cornell: Beyond the Taj: Architectural Traditions and Landscape Experience in South Asia: Published On",publishing_status-958-updated_on
Work Type,fd_15620_lookupfd_44663_lookup | fd_24236_lookup | fd_16250_lookup | fd_4535_lookup | fd_24658_lookup | fd_4811_lookup | fd_31108_lookup | fd_51018_lookup | fd_25452_lookup | fd_36154_lookup | fd_3180_lookup | fd_58689_lookup | fd_41083_lookup | fd_25702_mfcl_lookup | fd_1473_lookup | fd_1506_lookup | fd_1539_s | fd_4105_lookup | fd_22771_lookup | fd_20055_lookup | fd_44723_lookup | fd_17177_lookup | fd_3390_lookup | fd_31580_lookup | fd_41004_lookup | fd_31364_lookup | fd_27330_lookup | fd_1955_lookup | fd_3474_lookup | fd_3524_lookup | fd_2086_lookup | fd_3202_lookup | fd_3556_lookup | fd_42111_lookup | fd_2141_lookup | fd_2185_s | fd_29975_lookup | fd_28513_lookup | fd_52314_lookup | fd_2260_lookup | fd_2334_lookup | fd_52350_lookup | fd_18686_lookup | fd_30047_lookup | fd_31042_lookup | fd_47901_lookup | fd_4484_lookup | fd_40121_lookup | fd_31013_lookup | fd_5351_lookup | fd_5390_lookup | fd_31491_lookup | fd_5534_lookup | fd_3140_lookup | fd_34858_lookup | fd_42379_lookup | fd_21815_lookup | fd_58237_lookup | fd_53973_lookup | fd_6350_lookup | fd_22266_lookup | fd_51671_lookup | fd_34437_lookup | fd_52745_lookup | 
Architect Date,fd_47953_s
Diameter,fd_2282_s
Subject,fd_14737_lookupfd_44673_lookup | fd_24246_lookup | fd_15764_lookup | fd_4537_lookup | fd_24668_lookup | fd_24697_lookup | fd_4813_lookup | fd_31118_lookup | fd_51028_lookup | fd_25462_lookup | fd_36164_lookup | fd_3183_lookup | fd_58677_lookup | fd_41093_lookup | fd_25712_lookup | fd_1490_lookup | fd_1516_lookup | fd_1549_s | fd_4106_lookup | fd_22781_lookup | fd_20065_lookup | fd_44733_lookup | fd_17187_lookup | fd_3392_lookup | fd_31586_lookup | fd_41014_lookup | fd_31374_lookup | fd_27340_lookup | fd_1965_lookup | fd_3476_lookup | fd_3522_lookup | fd_2096_lookup | fd_3201_lookup | fd_3558_lookup | fd_42121_lookup | fd_2151_lookup | fd_2195_s | fd_29985_lookup | fd_28523_lookup | fd_52324_lookup | fd_2270_lookup | fd_52360_lookup | fd_18696_lookup | fd_30057_lookup | fd_31052_lookup | fd_47911_lookup | fd_47945_lookup | fd_4485_lookup | fd_40109_lookup | fd_31023_lookup | fd_5391_lookup | fd_31498_lookup | fd_5540_lookup | fd_3142_lookup | fd_34868_lookup | fd_42389_lookup | fd_21825_lookup | fd_58243_lookup | fd_53983_lookup | fd_6352_lookup | fd_51681_lookup | fd_3989_lookup | fd_52755_lookup | 
Related Type,fd_48065_mfcl_lookup
Designer,fd_51006_lookupfd_29963_s | 
ARTstor Latest Date,fd_31359_i
"ARTstor Workspace, Cornell: John Reps Collection: Published On",publishing_status-439-updated_on
System,fd_46262_mfcl_lookup
Period / Empire,fd_2278_lookup
"ARTstor Workspace, Cornell: Persuasive Map Collection: Published By",publishing_status.908.updated_bypublishing_status.1675.updated_by | 
"Shared Shelf Commons, Cornell: Midvale Steel Company Photographs Collected by Charles D. Wrege: Published On",publishing_status-280-updated_on
Date (US),fd_24229_s
Collector,fd_28531_lookup
_Alt Forms / Delivery Platform URL,fd_28699_s
DCMI Type,fd_61543_s
Series Relation 2,fd_3193_s
Weight,fd_2283_s
Principle Performer,fd_28533_lookup
"Shared Shelf Commons, New York State Aerial Photographs: Published By",publishing_status.87.updated_by
"ARTstor Workspace, Cornell: Alison Mason Kingsbury: Life and Art: Published On",publishing_status-148-updated_on
"Shared Shelf Commons, Cornell: Frank Gilbreth Motion Study Photographs: Published On",publishing_status-278-updated_on
Description (English translation),fd_53993_s
"ARTstor Workspace, Cornell: Willard D. Straight in Korea: Status",publishing_status.144.status
"ARTstor Workspace, Cornell: Campus Artifacts, Art & Memorabilia: Published On",publishing_status-32-updated_on
Place Name (National),fd_38353_s
Creator death date,fd_41106_s
Artist Biography,fd_5312_s
"Shared Shelf Commons, Cornell: Adler Hip Hop Archive: Published By",publishing_status.2243.updated_by
_Creator 1 Type,fd_28693_mfcl_lookup
"ARTstor Workspace, Cornell: John Clair Miller: Status",publishing_status.823.status
Work type (original),fd_26738_lookup
Coordinates,fd_3487_s
"Shared Shelf Commons, Icelandic and Faroese Photographs of Frederick W.W. Howell: Status",publishing_status.115.status
Work_PrefTitle,fd_35649_sfd_46669_s | fd_21165_s | fd_21241_s | fd_5449_s | 
Shape Term,fd_50381_s
"ARTstor Workspace, Cornell: Bernard Kassoy Teacher News Cartoons: Published By",publishing_status.285.updated_by
Digital Lifecycle Event,fd_28701_s
Figure Number,fd_31391_sfd_31514_s | 
Image Location,fd_4493_s
Appraisal Note,fd_51064_s
CULAR Depositor Department,fd_28708_s
Location (Country),fd_43718_lookup
Set Up File,fd_2207_s
Related works (influences),fd_47959_s
"Shared Shelf Commons, Cornell: Alison Mason Kingsbury: Life and Art: Status",publishing_status.85.status
"Shared Shelf Commons, Cornell: Midvale Steel Company Photographs Collected by Charles D. Wrege: Status",publishing_status.280.status
"ARTstor Workspace, Cornell: John Reps Collection: Status",publishing_status.439.status
Original Scale,fd_3483_s
Hamlet (Devanagari),fd_56409_s
"ARTstor Workspace, Kroch Asia Rare Materials Archive: Published On",publishing_status-207-updated_on
Angle,fd_43819_s
Year,fd_43481_s
Virtual Reality View,fd_51094_s
Host,fd_6457_s
"ARTstor Workspace, Cornell: Southern Tenant Farmers Union Photographs: Status",publishing_status.273.status
"Shared Shelf Commons, Ernie Paniccioli Archive: Published On",publishing_status-923-updated_on
"City, State",fd_4536_lookupfd_5537_lookup | 
Image_SubjectDisplay,fd_35668_sfd_46688_s | fd_21198_s | fd_21274_s | fd_5649_lookup | 
CULAR Depositor,fd_28706_s
Type,fd_3482_sfd_36171_mfcl_lookup | fd_58250_mfcl_lookup | 
"ARTstor Workspace, Cornell: Billie Jean Isbell Andean Collection: Status",publishing_status.149.status
Venue Address,fd_4544_sfd_5549_s | 
Creator 2,fd_3440_s
Project Focus Term,fd_50380_s
Name,fd_48035_sfd_48041_s | fd_48047_s | fd_48053_s | fd_48059_s | fd_48066_s | fd_48072_s | fd_48078_s | fd_48084_s | fd_48090_s | fd_48096_s | fd_48102_s | fd_48108_s | fd_48114_s | fd_48120_s | fd_48126_s | fd_48132_s | fd_48138_s | fd_48144_s | fd_48151_s | fd_48158_s | fd_48164_s | fd_48170_s | fd_48176_s | fd_48182_s | fd_48188_s | fd_48194_s | fd_48200_s | fd_48206_s | fd_48212_s | fd_48218_s | fd_48224_s | fd_48230_s | fd_48236_s | fd_48242_s | fd_48248_s | fd_48254_s | fd_48260_s | fd_48266_s | fd_48272_s | fd_48278_s | fd_48284_s | fd_48290_s | fd_48296_s | fd_48302_s | fd_48308_s | 
"ARTstor Workspace, Cornell: Selections from the Anthropology Collections: Published On",publishing_status-283-updated_on
"Shared Shelf Commons, Cornell: Images from the Rare Book and Manuscript Collections: Status",publishing_status.553.status
Event Number,fd_43533_s
"ARTstor Workspace, Cornell: The Experimental Television Center Video Archives: Published By",publishing_status.421.updated_by
"Shared Shelf Commons, Cornell: Willard D. Straight in Korea: Status",publishing_status.145.status
First line number,fd_26723_s
Resource Type,fd_4115_s
"Shared Shelf Commons, Cornell: Cast Collection: Status",publishing_status.195.status
Associated Text,fd_65870_s
Date Type,fd_4489_s
"Shared Shelf Commons, Cornell: New York Call Photographs: Status",publishing_status.276.status
Work_StylePeriodDisplay,fd_35654_lookupfd_46674_lookup | fd_21171_lookup | fd_21247_lookup | fd_5647_lookup | 
Restrictions on Use and Reproduction,fd_28695_s
Identifier,fd_4538_sfd_5541_s | fd_6347_s | fd_3983_s | 
Column Number,fd_26719_s
"Shared Shelf Commons, Billie Jean Isbell Andean Collection: Published On",publishing_status-101-updated_on
Short Title,fd_30085_sfd_58229_s | 
Classification,fd_4823_sfd_31590_s | fd_2394_s | fd_2382_s | 
"ARTstor Workspace, Cornell: Alison Mason Kingsbury: Life and Art: Status",publishing_status.148.status
Negative Type,fd_6455_s
"Shared Shelf Commons, Cornell: Hip Hop Party and Event Flyers: Status",publishing_status.200.status
Analog Creators,fd_31639_s
Materials,fd_15743_s
Performers,fd_42454_lookup
Storage Container Type,fd_51078_s
Box,fd_65595_sfd_18249_s | 
SFS Location,fd_56972_s
Negative Number,fd_5348_s
Order Number,fd_31394_sfd_5057_s | fd_31522_s | fd_21840_s | 
People (Names) - Roman Characters,fd_38351_s
Hamlet (Roman Characters),fd_56410_s
Provenance / Owner,fd_20076_s
Metal abbrev.,fd_2279_s
TYPE,fd_47935_mfcl_lookup
_Identifier Type,fd_28711_mfcl_lookup
Manufacture Date,fd_4080_s
Media Term,fd_50379_s
"ARTstor Workspace, Plant Pathology Herbarium (CUP): Published By",publishing_status.167.updated_by
Citation,fd_4476_s
Active,fd_48040_bfd_48046_b | fd_48052_b | fd_48058_b | fd_48064_b | fd_48071_b | fd_48077_b | fd_48083_b | fd_48089_b | fd_48095_b | fd_48101_b | fd_48107_b | fd_48113_b | fd_48119_b | fd_48125_b | fd_48131_b | fd_48137_b | fd_48143_b | fd_48149_b | fd_48156_b | fd_48163_b | fd_48169_b | fd_48175_b | fd_48181_b | fd_48187_b | fd_48193_b | fd_48199_b | fd_48205_b | fd_48211_b | fd_48217_b | fd_48223_b | fd_48229_b | fd_48235_b | fd_48241_b | fd_48247_b | fd_48253_b | fd_48259_b | fd_48265_b | fd_48271_b | fd_48277_b | fd_48283_b | fd_48289_b | fd_48295_b | fd_48301_b | fd_48307_b | fd_48313_b | 
Slide Number,fd_34465_s
Creation/Discovery Site,fd_44667_lookupfd_24240_lookup | fd_24662_lookup | fd_31112_lookup | fd_51022_lookup | fd_25456_lookup | fd_36158_lookup | fd_58679_lookup | fd_1477_s | fd_1510_lookup | fd_1543_s | fd_22775_lookup | fd_20059_lookup | fd_44727_lookup | fd_3391_lookup | fd_41008_lookup | fd_31368_lookup | fd_42115_lookup | fd_28517_lookup | fd_52318_lookup | fd_52354_lookup | fd_18690_lookup | fd_30051_lookup | fd_31046_lookup | fd_47905_lookup | fd_47939_lookup | fd_40111_lookup | fd_31017_lookup | fd_31495_s | fd_34862_lookup | fd_42383_lookup | fd_58238_lookup | fd_51675_lookup | fd_52749_lookup | 
"ARTstor Personal Collection, Ernie Paniccioli Archive: Status",publishing_status.1633.status
Plate Number,fd_31392_sfd_31515_s | 
Image Date Type,fd_4492_s
"ARTstor Workspace, Cornell Arts & Sciences Images for Teaching Collection: Status",publishing_status.677.status
Worn or Used by,fd_51043_s
Short Description,fd_51061_s
"Shared Shelf Commons, New York State Aerial Photographs: Status",publishing_status.87.status
Creator,fd_14707_lookupfd_44651_lookup | fd_24224_lookup | fd_15734_lookup | fd_24646_lookup | fd_24675_lookup | fd_4781_lookup | fd_31096_lookup | fd_25440_lookup | fd_36142_lookup | fd_41071_lookup | fd_1461_lookup | fd_1494_lookup | fd_1527_lookup | fd_22759_lookup | fd_20043_lookup | fd_44711_lookup | fd_17165_lookup | fd_3358_lookup | fd_31570_lookup | fd_40992_lookup | fd_31352_lookup | fd_27318_lookup | fd_1943_lookup | fd_3444_lookup | fd_2074_lookup | fd_2104_lookup | fd_3526_lookup | fd_2129_lookup | fd_3099_s | fd_28501_lookup | fd_52302_lookup | fd_2322_lookup | fd_52338_lookup | fd_18674_lookup | fd_30035_lookup | fd_31030_lookup | fd_47888_lookup | fd_40102_lookup | fd_31001_lookup | fd_13583_mfcl_lookup | fd_6451_lookup | fd_31479_lookup | fd_5525_lookup | fd_42367_lookup | fd_21804_lookup | fd_58224_lookup | fd_53961_lookup | fd_6320_lookup | fd_22259_s | fd_51659_lookup | fd_4118_lookup | fd_52733_lookup | 
Image Number,fd_51166_ifd_31523_i | 
"ARTstor Workspace, Landslides Aerial Photography: Status",publishing_status.198.status
"Shared Shelf Commons, Cornell: Southern Tenant Farmers Union Photographs: Published On",publishing_status-274-updated_on
"ARTstor Workspace, Cornell: Southern Tenant Farmers Union Photographs: Published By",publishing_status.273.updated_by
Voyager BIB ID,fd_53889_s
"Shared Shelf Commons, Cornell: Historic Glacial Images of Alaska and Greenland: Status",publishing_status.1235.status
"ARTstor Workspace, Cornell: Claire Holt Papers: Images of Indonesian Art, Architecture, and Culture: Published By",publishing_status.165.updated_by
"Shared Shelf Commons, Cornell: Andrew Dickson White Collection of Architectural Photographs: Status",publishing_status.959.status
"Shared Shelf Commons, Cornell: The Joe Conzo, Jr  Archive: Status",publishing_status.325.status
Work_RelatedWork2,fd_35672_sfd_46692_s | fd_21204_s | fd_21280_s | fd_5481_s | 
Metric Unit,fd_4818_sfd_31600_s | 
People (Names) - Devanagari,fd_56280_s
Call Number,fd_43814_sfd_4224_s | fd_47918_s | 
"Shared Shelf Commons, Cornell: Willard D. Straight in Korea: Published On",publishing_status-145-updated_on
Title (Spanish),fd_3144_s
Reverse,fd_2287_s
Voyager ID,fd_4826_sfd_31597_s | fd_2393_s | 
Language of Material,fd_28685_s
Digital Collection,fd_62094_s
"Shared Shelf Commons, Cornell: Efraim Racker Art Albums: Published By",publishing_status.960.updated_by
Original Cataloger,fd_15770_s
RelationType2,fd_35681_sfd_46701_s | fd_21205_s | fd_21281_s | fd_5482_s | 
Creator birth date,fd_41105_s
"ARTstor Workspace, Cornell:  Images from the Rare Book and Manuscript Collections: Status",publishing_status.472.status
"ARTstor Workspace, Cornell: Laboratory of Ornithology Gallery of Bird and Wildlife Art: Published On",publishing_status-1352-updated_on
Deity/Central Figure,fd_34457_s
Features,fd_45820_mfcl_lookup
Old Catalog Number,fd_15765_s
Project/Collection Title,fd_28674_s
ARTstor Earliest Date,fd_31358_i
Image_Source,fd_35669_sfd_46689_s | fd_21199_s | fd_21275_s | fd_5476_s | 
Technique,fd_26737_lookup
"Shared Shelf Commons, Cornell: Ragamala Paintings Collection: Published By",publishing_status.1114.updated_by
Repository Accession Number,fd_31366_sfd_31493_s | 
Adler Notes (transcribed),fd_59992_s
Date Imaged (Master Copy),fd_24704_s
ETC BOX #,fd_3970_s
Image Measure Num,fd_4495_s
Term Type,fd_50375_s
Unreadable Sector Notes (Master Copy),fd_24706_s
Model Manufacturer,fd_4114_s
"ARTstor Workspace, Cornell: Reuleaux Kinematic Mechanisms Collection: Published On",publishing_status-153-updated_on
Title (Roman characters),fd_53991_s
Item Number,fd_4015_s
"ARTstor Personal Collection, Ernie Paniccioli Archive: Published By",publishing_status.1633.updated_by
Site,fd_29979_lookupfd_5375_s | 
Date 2,fd_4539_sfd_5544_s | 
Unknown,fd_50572_s
"ARTstor Workspace, Cornell: Vicos Collection: Published By",publishing_status.156.updated_by
Linked Data Updated On,propagated_on
Sub-collection,fd_36067_s
"Shared Shelf Commons, Cornell: Plant Pathology Herbarium (CUP): Published By",publishing_status.168.updated_by
Topical Subject,fd_6847_mfcl_lookup
ISBN/ISSN,fd_31386_sfd_31509_s | 
Artstor ID,fd_51165_s
Other Descriptive Notes,fd_1711_s
Coin Status,fd_2290_s
Image Relation,fd_4497_s
Dimensions,fd_15744_sfd_51016_s | fd_25700_s | fd_17175_s | fd_46366_s | 
"Shared Shelf Commons, Cornell: John Reps Collection - Bastides: Status",publishing_status.777.status
Print Citation 2,fd_3189_s
Digitization Process,fd_31711_s
Appraisal Firm,fd_62206_s
LUNA ID,fd_2386_s
"Shared Shelf Commons, Cornell: Frank Gilbreth Motion Study Photographs: Published By",publishing_status.278.updated_by
Collection,fd_3185_sfd_58695_s | fd_41101_s | fd_4112_s | fd_3520_s | fd_2973_s | fd_3560_s | fd_43537_s | fd_52333_s | fd_2389_s | fd_2383_s | fd_52369_s | fd_40127_s | fd_3148_s | fd_39815_s | 
Orig Repository,fd_2164_lookupfd_21832_lookup | 
"Shared Shelf Commons, Cornell: Kroch Asia Rare Materials Archive: Status",publishing_status.208.status
Full Title,fd_30037_sfd_58228_s | 
Other Creators,fd_30158_lookupfd_58226_lookup | 
"ARTstor Workspace, Cornell: Persuasive Map Collection: Status",publishing_status.908.statuspublishing_status.1675.status | 
Height,fd_3905_s
Related Images,fd_3133_s
"Shared Shelf Commons, Vicos Collection: Published By",publishing_status.116.updated_by
ID Number,fd_14734_sfd_44678_s | fd_24251_s | fd_24673_s | fd_24702_s | fd_4808_s | fd_31123_s | fd_51033_s | fd_25467_s | fd_36169_s | fd_3176_s | fd_58671_s | fd_41098_s | fd_25717_s | fd_1483_s | fd_1521_s | fd_1554_s | fd_22786_s | fd_20070_s | fd_44738_s | fd_17192_s | fd_3385_s | fd_31587_s | fd_41019_s | fd_31379_s | fd_27345_s | fd_1973_s | fd_3471_s | fd_3516_s | fd_2101_s | fd_2123_s | fd_3553_s | fd_42126_s | fd_2156_s | fd_2200_s | fd_29990_s | fd_28528_s | fd_52329_s | fd_2275_s | fd_2319_s | fd_2349_s | fd_52365_s | fd_18701_s | fd_30062_s | fd_31057_s | fd_47915_s | fd_47950_s | fd_4479_s | fd_40103_s | fd_31028_s | fd_31503_s | fd_3137_s | fd_34873_s | fd_42394_s | fd_21830_s | fd_58225_s | fd_53988_s | fd_22273_s | fd_51686_s | fd_34452_s | fd_52760_s | 
"ARTstor Workspace, Cornell: Midvale Steel Company Photographs Collected by Charles D. Wrege: Status",publishing_status.279.status
"Shared Shelf Commons, Cornell: Squeeze Collection: Published By",publishing_status.747.updated_by
Cornell Class,fd_51037_s
"Shared Shelf Commons, Cornell: International Ladies' Garment Workers' Union Photographs: Published By",publishing_status.282.updated_by
Collector's Notes,fd_35685_sfd_58245_s | 
Primary Image,primary_image
Publication Place,fd_2308_lookup
Work_EarliestDate1,fd_35652_ifd_46672_i | fd_21169_i | fd_21245_i | fd_5452_i | 
"Shared Shelf Commons, Cornell: Lowentheil Collection of African-American Photographs: Status",publishing_status.1236.status
"ARTstor Workspace, Archivision Library - Module 8 - Cornell: Status",publishing_status.420.status
"Shared Shelf Commons, Cornell: Hip Hop Party and Event Flyers: Published By",publishing_status.200.updated_by
Record Date,fd_5399_s
Party/Event Name,fd_4550_sfd_5555_s | 
"ARTstor Workspace, Cornell Hip Hop Party and Event Flyers: Published On",publishing_status-199-updated_on
Publication Information,fd_22793_s
Agent_Display,fd_35647_lookupfd_46667_lookup | fd_21163_lookup | fd_21239_lookup | fd_5447_lookup | 
Caption Transcription,fd_55279_s
Software,fd_2210_s
Project Type,fd_29992_mfcl_lookup
Image Set,fd_6353_s
Metric Dimensions,fd_2302_s
Translation_Transcription (Islandica 48),fd_55281_s
"Shared Shelf Commons, Cornell: Political Americana Collection: Published On",publishing_status-1131-updated_on
Image Source,fd_47956_s
Model Designer,fd_4075_lookup
"Shared Shelf Commons, Cornell: Selections from the Anthropology Collections: Published On",publishing_status-284-updated_on
"Shared Shelf Commons, Cornell: Laboratory of Ornithology Gallery of Bird and Wildlife Art: Published On",publishing_status-1365-updated_on
"Shared Shelf Commons, Cornell:  NewYork-Presbyterian/Weill Cornell Medical Center Archives Image Collection: Published On",publishing_status-223-updated_on
Work_Technique,fd_35674_sfd_46694_s | fd_21195_s | fd_21271_s | fd_5472_s | 
"ARTstor Workspace, Cornell:  Images from the Rare Book and Manuscript Collections: Published By",publishing_status.472.updated_by
"ARTstor Workspace, Cornell Hip Hop Party and Event Flyers: Status",publishing_status.199.status
"Shared Shelf Commons, Cornell: Frank Gilbreth Motion Study Photographs: Status",publishing_status.278.status
Folder,fd_65596_sfd_18250_s | fd_53990_s | 
Shape Notes,fd_47962_s
Project Owner,fd_33379_s
Artstor Earliest Date,fd_31485_s
"Shared Shelf Commons, Cornell: Oskar Diethelm Library for the History of Psychiatry: Published By",publishing_status.480.updated_by
Level,visibility
Location,fd_14722_sfd_44666_lookup | fd_24239_lookup | fd_24661_lookup | fd_31111_lookup | fd_51021_lookup | fd_25455_lookup | fd_36157_lookup | fd_3181_lookup | fd_1476_s | fd_1509_lookup | fd_1542_s | fd_22774_lookup | fd_20058_lookup | fd_44726_lookup | fd_17180_lookup | fd_3373_s | fd_41007_lookup | fd_31367_lookup | fd_27333_lookup | fd_3236_lookup | fd_3475_lookup | fd_3523_lookup | fd_2089_lookup | fd_3203_lookup | fd_3557_lookup | fd_42114_lookup | fd_3100_lookup | fd_28516_lookup | fd_52317_lookup | fd_2337_lookup | fd_52353_lookup | fd_18689_lookup | fd_31045_lookup | fd_47904_lookup | fd_31016_lookup | fd_5352_lookup | fd_31494_lookup | fd_3141_lookup | fd_42382_lookup | fd_53976_lookup | fd_6351_lookup | fd_22269_lookup | fd_51674_lookup | fd_52748_lookup | 
General Notes,fd_47958_s
Updated By,updated_by
Image Measure Unit,fd_4496_s
"Shared Shelf Commons, Mysteries at Eleusis: Images of Inscriptions: Status",publishing_status.132.status
Architect Latest Date,fd_50383_s
"Shared Shelf Commons, Ernie Paniccioli Archive: Published By",publishing_status.923.updated_by
"Shared Shelf Commons, Images from the Cornell University Library Map Collection: Status",publishing_status.102.status
Genre,fd_4031_s
Material Type,fd_28684_mfcl_lookup
OCR Text 3,fd_65149_s
Filename,filename
Bibliography,fd_46939_sfd_2167_s | fd_2272_s | fd_47922_s | fd_21834_s | fd_65869_s | 
"ARTstor Workspace, Cornell: Oskar Diethelm Library for the History of Psychiatry: Published By",publishing_status.481.updated_by
Orig Materials / Techniques,fd_2162_sfd_21845_s | 
Date (original),fd_26736_s
RMC Number,fd_57116_s
Historical Note,fd_6851_sfd_22284_s | 
Date Posted,fd_58607_sfd_58608_s | 
Graphic Elements,fd_4526_sfd_5539_s | 
"ARTstor Workspace, Cornell: Persuasive Map Collection: Published On",publishing_status-908-updated_onpublishing_status-1675-updated_on | 
M Sequential Number,fd_2204_s
"ARTstor Workspace, Cornell: Icelandic and Faroese Photographs of Frederick W.W. Howell: Published By",publishing_status.152.updated_by
"Shared Shelf Commons, Cornell: The J. R. Sitlington Sterrett Collection of Archaeological Photographs: Published On",publishing_status-2301-updated_on
Contributors,fd_22790_lookup
Related Materials,fd_28687_s
"ARTstor Workspace, Cornell Squeeze Collection: Status",publishing_status.748.status
Mint,fd_2285_s
Work_DateDisplay,fd_35651_sfd_46671_s | fd_21168_s | fd_21244_s | fd_5451_s | 
Corpus,fd_4487_s
Hannah's Notes,fd_30064_sfd_58246_s | 
"Shared Shelf Commons, Images from the Cornell University Library Map Collection: Published By",publishing_status.102.updated_by
Date (Nepali),fd_56353_s
"Shared Shelf Commons, Cornell: Southern Tenant Farmers Union Photographs: Status",publishing_status.274.status
Additional Notes,fd_25151_sfd_28692_s | fd_6852_s | fd_22275_s | 
Page Number,fd_31390_sfd_31513_s | 
Medium,fd_25699_lookupfd_2304_lookup | 
Created By,created_by
"Shared Shelf Commons, Reuleaux Kinematic Mechanisms Collection: Published By",publishing_status.114.updated_by
"Shared Shelf Commons, Reuleaux Kinematic Mechanisms Collection: Published On",publishing_status-114-updated_on
Related Contact Sheet,fd_5639_s
"ARTstor Workspace, Cornell Gem Impressions Collection: Published By",publishing_status.788.updated_by
Measurements,fd_14717_sfd_44661_s | fd_24234_s | fd_4515_s | fd_24656_s | fd_4791_s | fd_31106_s | fd_25450_s | fd_36152_s | fd_41081_s | fd_1471_s | fd_1504_s | fd_1537_s | fd_22769_s | fd_20053_s | fd_3368_s | fd_31578_s | fd_31362_s | fd_2084_s | fd_2112_s | fd_42109_s | fd_2139_s | fd_2183_s | fd_29973_s | fd_28511_s | fd_52312_s | fd_52348_s | fd_18684_s | fd_31040_s | fd_47899_s | fd_47933_s | fd_4462_s | fd_31011_s | fd_5331_s | fd_31489_s | fd_5532_s | fd_3120_s | fd_42377_s | fd_21813_s | fd_22264_s | fd_51669_s | fd_52743_s | 
"Shared Shelf Commons, Cornell: Lowentheil Collection of African-American Photographs: Published On",publishing_status-1236-updated_on
Width,fd_3906_s
M Batch Number,fd_2203_s
"ARTstor Workspace, Cornell: Icelandic and Faroese Photographs of Frederick W.W. Howell: Status",publishing_status.152.status
Denomination,fd_2281_s
Condition Notes,fd_15766_s
Orig Creation Site,fd_21717_lookupfd_21842_lookup | 
Component,fd_41118_s
"ARTstor Workspace, Cornell: New York State Aerial Photographs: Published On",publishing_status-155-updated_on
"ARTstor Workspace, Cornell: Mysteries at Eleusis: Images of Inscriptions: Published On",publishing_status-151-updated_on
Political Figure,fd_41112_s
Collection Dates,fd_28675_s
Sheet,fd_3477_s
Generation,fd_4030_s
Country (free-text),fd_62207_s
Institution,institution_name
Image_Date,fd_35665_sfd_46685_s | fd_21189_s | fd_21265_s | fd_5465_s | 
Set (Public),fd_64920_s
Volume/Issue,fd_21867_s
"Shared Shelf Commons, Cornell: Efraim Racker Art Albums: Status",publishing_status.960.status
Page/Column Number,fd_34464_s
DerivativeCopy,fd_4215_s
"ARTstor Workspace, Cornell: Willard D. Straight in Korea: Published By",publishing_status.144.updated_by
"Shared Shelf Commons, Cornell: Coins Collection : Status",publishing_status.202.status
"Shared Shelf Commons, Images from the Cornell University Library Map Collection: Published On",publishing_status-102-updated_on
Web Citation ,fd_3190_s
"ARTstor Workspace, Cornell: Divine Comedy Image Archive: Published By",publishing_status.150.updated_by
Metric Diameter,fd_4822_sfd_31589_s | 
Translation (English),fd_38355_s
CULAR Title,fd_28703_s
"Shared Shelf Commons, Cornell: Oskar Diethelm Library for the History of Psychiatry: Published On",publishing_status-480-updated_on
"Shared Shelf Commons, Cornell: Campus Artifacts, Art & Memorabilia: Published On",publishing_status-157-updated_on
Parent,fd_48150_mfcl_lookupfd_48157_mfcl_lookup | 
Cost of Admission,fd_4551_sfd_5556_s | 
"ARTstor Workspace, Cornell: The Experimental Television Center Video Archives: Published On",publishing_status-421-updated_on
Design Description,fd_38585_s
Exhibition History,fd_51068_s
Creator Dates,fd_52332_sfd_52368_s | 
Reproduction ID,fd_4102_s
"ARTstor Workspace, Cornell: Oskar Diethelm Library for the History of Psychiatry: Published On",publishing_status-481-updated_on
Display Title,fd_46389_s
Publication Publisher,fd_31385_sfd_31508_s | 
"Shared Shelf Commons, Reuleaux Kinematic Mechanisms Collection: Status",publishing_status.114.status
Image_Rights,fd_35667_sfd_46687_s | fd_21191_s | fd_21267_s | fd_5467_s | 
Acquisition Date,fd_1492_sfd_2169_s | fd_21836_s | 
"Shared Shelf Commons, Cornell: Squeeze Collection: Published On",publishing_status-747-updated_on
"ARTstor Workspace, Obama Visual Iconography: Status",publishing_status.249.status
Herbarium Collection,fd_15014_s
Description (Roman Characters),fd_38354_s
Variant Title,fd_4017_s
"Shared Shelf Commons, Cornell: International Ladies' Garment Workers' Union Photographs: Status",publishing_status.282.status
Date Category,fd_39705_mfcl_lookupfd_58251_mfcl_lookup | 
"ARTstor Workspace, Cornell: Frank Gilbreth Motion Study Photographs: Published By",publishing_status.277.updated_by
Technique (original),fd_26742_lookup
"ARTstor Workspace, Cornell: NewYork-Presbyterian/Weill Cornell Medical Center Archives Image Collection: Published By",publishing_status.222.updated_by
"ARTstor Workspace, Archivision Library - Module 7 - Cornell: Published By",publishing_status.418.updated_by
Creator Role,fd_41104_sfd_52331_s | fd_52367_s | fd_6458_s | fd_22285_s | 
Caption,fd_52337_sfd_2396_s | fd_52373_s | 
Net ID,fd_50921_s
Archival Box,fd_22949_s
Acquisition Notes,fd_1710_sfd_2172_s | fd_21839_s | 
"ARTstor Workspace, Archivision Library - Module 7 - Cornell: Status",publishing_status.418.status
"ARTstor Personal Collection, Ernie Paniccioli Archive: Published On",publishing_status-1633-updated_on
Artist/performer,fd_58672_sfd_40104_s | 
Materials/Techniques,fd_14716_lookupfd_44660_lookup | fd_24233_lookup | fd_4514_s | fd_24655_lookup | fd_4790_s | fd_31105_lookup | fd_25449_lookup | fd_36151_lookup | fd_58687_lookup | fd_41080_lookup | fd_1470_s | fd_1503_s | fd_1536_s | fd_22768_lookup | fd_20052_lookup | fd_44720_lookup | fd_17174_lookup | fd_3367_s | fd_31577_lookup | fd_41001_lookup | fd_31361_lookup | fd_27327_lookup | fd_3498_s | fd_2083_s | fd_2111_s | fd_3535_s | fd_42108_lookup | fd_2138_s | fd_2182_s | fd_29972_lookup | fd_28510_lookup | fd_52311_lookup | fd_2331_s | fd_52347_lookup | fd_18683_lookup | fd_30044_lookup | fd_31039_lookup | fd_47898_lookup | fd_47932_lookup | fd_4461_s | fd_40119_lookup | fd_31010_lookup | fd_31488_lookup | fd_5531_s | fd_34855_lookup | fd_42376_lookup | fd_21809_s | fd_58234_lookup | fd_22288_lookup | fd_51668_lookup | fd_34434_lookup | fd_52742_lookup | 
Patron Name,fd_31709_s
"Shared Shelf Commons, Cornell: John Clair Miller Collection: Published By",publishing_status.824.updated_by
"Shared Shelf Commons, Cornell: Knowledge of the World in Early Modern Japan: Status",publishing_status.1278.status
Project Short Name,fd_28710_s
"Shared Shelf Commons, Cornell: Knowledge of the World in Early Modern Japan: Published By",publishing_status.1278.updated_by
Follow-up with Artist,fd_24749_s
Work_LocationNotes,fd_35673_sfd_46693_s | fd_21193_s | fd_21269_s | fd_5470_s | 
Box Number,fd_53263_s
Administrative Notes,fd_5313_s
"Shared Shelf Commons, Cornell: Efraim Racker Art Albums: Published On",publishing_status-960-updated_on
Carousel Caption,fd_40239_sfd_58252_s | 
Place,fd_4812_lookupfd_31583_lookup | 
Donor Type,fd_51035_s
Credits,fd_4110_s
Unreadable Sector Notes (Access Copy),fd_24784_s
Work_Culture,fd_35648_sfd_46668_s | fd_21164_s | fd_21240_s | fd_5448_s | 
Serials,fd_4504_s
Rights,fd_14735_sfd_44679_s | fd_24252_s | fd_15762_s | fd_4533_s | fd_24674_s | fd_24703_s | fd_4809_s | fd_31124_s | fd_51034_s | fd_25468_s | fd_36170_s | fd_3177_s | fd_58692_s | fd_41099_s | fd_25718_s | fd_1484_s | fd_1522_s | fd_1555_s | fd_4103_s | fd_22787_s | fd_20071_s | fd_44739_s | fd_17193_s | fd_3386_s | fd_31588_s | fd_41020_s | fd_31380_s | fd_27346_s | fd_1974_s | fd_3472_s | fd_3517_s | fd_2102_s | fd_2124_s | fd_3554_s | fd_42127_s | fd_2157_s | fd_2201_s | fd_29991_s | fd_28529_s | fd_52330_s | fd_2276_s | fd_2320_s | fd_2350_s | fd_52366_s | fd_18702_s | fd_30063_s | fd_31058_s | fd_47916_s | fd_47951_s | fd_4480_s | fd_40124_s | fd_31029_s | fd_5349_s | fd_5388_s | fd_31504_s | fd_5542_s | fd_3138_s | fd_34874_s | fd_42395_s | fd_21831_s | fd_58249_s | fd_6348_s | fd_22274_s | fd_51687_s | fd_34453_s | fd_3984_s | fd_52761_s | 
Container Text,fd_4211_s
Tier 4 Location,fd_28713_s
"Shared Shelf Commons, Cornell: Adler Hip Hop Archive: Status",publishing_status.2243.status
Faculty/Requestor,fd_31395_sfd_31517_s | 
"Omeka Plugin, SharedShelf: Status",publishing_status.1007.status
Full Citation,fd_47957_s
"ARTstor Workspace, Cornell:  Images from the Rare Book and Manuscript Collections: Published On",publishing_status-472-updated_on
"Shared Shelf Commons, Cornell: John Reps Collection - Bastides: Published By",publishing_status.777.updated_by
Scanner,fd_2205_s
Canto,fd_2391_s
"Shared Shelf Commons, Cornell: Midvale Steel Company Photographs Collected by Charles D. Wrege: Published By",publishing_status.280.updated_by
"Shared Shelf Commons, Cornell: Images from the Rare Book and Manuscript Collections: Published On",publishing_status-553-updated_on
Collection Note,fd_43817_sfd_47921_s | 
Date Founded,fd_33162_s
"Shared Shelf Commons, Cornell: Kroch Asia Rare Materials Archive: Published By",publishing_status.208.updated_by
Work_AltTitle,fd_35678_sfd_46698_s | fd_21192_s | fd_21268_s | fd_5469_s | 
Related Negatives,fd_5640_s
Extent,fd_44721_sfd_41002_s | fd_46367_s | fd_3966_s | 
ImageID,fd_4488_s
Country (controlled list),fd_5380_mfcl_lookup
"Full name Last, First Middle",fd_50925_s
"ARTstor Workspace, Cornell: NewYork-Presbyterian/Weill Cornell Medical Center Archives Image Collection: Status",publishing_status.222.status
Other Creator,fd_4108_s
Project Date,fd_47928_s
Photo Location,fd_51089_s
Description (Devanagari),fd_38350_sfd_53982_s | 
Senechal,fd_31752_lookup
Reference Relation,fd_4099_s
Architect Culture (nationality),fd_47924_s
"ARTstor Personal Collection, HM_Ernie Paniccioli Archive: Published By",publishing_status.1635.updated_by
Data Date,fd_48037_dtfd_48043_dt | fd_48049_dt | fd_48055_dt | fd_48061_dt | fd_48068_dt | fd_48074_dt | fd_48080_dt | fd_48086_dt | fd_48092_dt | fd_48098_dt | fd_48104_dt | fd_48110_dt | fd_48116_dt | fd_48122_dt | fd_48128_dt | fd_48134_dt | fd_48140_dt | fd_48146_dt | fd_48153_dt | fd_48160_dt | fd_48166_dt | fd_48172_dt | fd_48178_dt | fd_48184_dt | fd_48190_dt | fd_48196_dt | fd_48202_dt | fd_48208_dt | fd_48214_dt | fd_48220_dt | fd_48226_dt | fd_48232_dt | fd_48238_dt | fd_48244_dt | fd_48250_dt | fd_48256_dt | fd_48262_dt | fd_48268_dt | fd_48274_dt | fd_48280_dt | fd_48286_dt | fd_48292_dt | fd_48298_dt | fd_48304_dt | fd_48310_dt | 
Canticle,fd_2390_s
"Shared Shelf Commons, Cornell: Cast Collection: Published On",publishing_status-195-updated_on
Image_Filename,fd_35670_sfd_46690_s | fd_21201_s | fd_21277_s | fd_5478_s | 
Date 3,fd_4540_sfd_5545_s | 
Village,fd_28389_s
Orig Style/Period,fd_21718_sfd_21843_s | 
Image Technique,fd_4499_s
Creation Site,fd_3182_lookupfd_2145_lookup | fd_2264_lookup | fd_21819_lookup | 
"ARTstor Workspace, Cornell Coins Collection: Published By",publishing_status.201.updated_by
Material,fd_51048_lookupfd_1978_s | 
Gender,fd_41108_s
"Shared Shelf Commons, Cornell: Adler Hip Hop Archive: Published On",publishing_status-2243-updated_on
Keywords,fd_3519_sfd_3559_s | 
Metal,fd_2280_s
"ARTstor Workspace, Archivision Library - Addition Module Six: Published By",publishing_status.205.updated_by
"ARTstor Workspace, Cornell: Images from the Cornell University Library Map Collection: Published By",publishing_status.154.updated_by
Track Filename,fd_44740_s
"Shared Shelf Commons, Cornell: New York Call Photographs: Published By",publishing_status.276.updated_by
"Shared Shelf Commons, Cornell: New York Call Photographs: Published On",publishing_status-276-updated_on
"Shared Shelf Commons, Cornell: Obama Visual Iconography: Published On",publishing_status-250-updated_on
CULAR Date of Deposit,fd_28709_s
Venue Address 2,fd_4545_sfd_5550_s | 
Photographer,fd_44676_sfd_24249_s | fd_24671_s | fd_31121_s | fd_51031_s | fd_25465_s | fd_36167_s | fd_3184_lookup | fd_58670_lookup | fd_1487_s | fd_1519_s | fd_1552_s | fd_22784_s | fd_20068_s | fd_44736_s | fd_3383_s | fd_41017_s | fd_31377_s | fd_3489_lookup | fd_42124_s | fd_2154_s | fd_2198_s | fd_28526_s | fd_52327_s | fd_2273_s | fd_52363_s | fd_18699_s | fd_31055_s | fd_47889_s | fd_47948_s | fd_4477_s | fd_62436_lookup | fd_31026_s | fd_31501_s | fd_3143_lookup | fd_34846_lookup | fd_42392_s | fd_21828_s | fd_51684_s | fd_52758_s | 
Related Specimen,fd_23860_s
"Shared Shelf Commons, Cornell: Laboratory of Ornithology Gallery of Bird and Wildlife Art: Status",publishing_status.1365.status
Cross Reference,fd_51046_s
Subcollection,fd_4824_sfd_51050_s | fd_2551_s | fd_6354_s | fd_6355_s | fd_31595_s | fd_3147_s | 
"ARTstor Workspace, Cornell: International Ladies' Garment Workers' Union Photographs: Published By",publishing_status.281.updated_by
Tape No.,fd_44741_s
Origin Site,fd_16717_lookup
Latitude,fd_44668_sfd_24241_s | fd_28499_s | fd_24663_s | fd_31113_s | fd_51023_s | fd_25457_s | fd_36159_s | fd_58680_s | fd_1478_s | fd_1511_s | fd_1544_s | fd_22776_s | fd_20060_s | fd_44728_s | fd_3375_s | fd_41009_s | fd_31369_s | fd_27335_s | fd_42485_s | fd_42116_s | fd_2146_s | fd_29980_s | fd_28518_s | fd_52319_s | fd_52355_s | fd_18691_s | fd_31047_s | fd_47906_s | fd_47940_s | fd_40112_s | fd_31018_s | fd_28571_s | fd_34863_s | fd_42384_s | fd_21820_s | fd_6337_s | fd_51676_s | 
Purchase Price,fd_1493_sfd_2170_s | fd_21837_s | 
Item Count,fd_41107_s
Venue 3,fd_4543_sfd_5548_s | 
"ARTstor Workspace, Cornell: Willard D. Straight in Korea: Published On",publishing_status-144-updated_on
Provenance,fd_15769_sfd_4555_s | fd_4825_s | fd_43813_s | fd_1525_s | fd_1558_s | fd_3395_s | fd_31596_s | fd_2395_s | fd_47917_s | fd_5560_s | 
Latest Date,fd_14714_ifd_44658_i | fd_24231_i | fd_15741_i | fd_4512_i | fd_24653_i | fd_4788_i | fd_31103_i | fd_51013_i | fd_25447_i | fd_36149_i | fd_3156_i | fd_58685_i | fd_41078_i | fd_25697_i | fd_1468_i | fd_1501_i | fd_1534_i | fd_4082_i | fd_22766_i | fd_20050_i | fd_44718_i | fd_17172_i | fd_3365_i | fd_31576_i | fd_40999_i | fd_27325_i | fd_1950_i | fd_3451_i | fd_3496_i | fd_2081_i | fd_2109_i | fd_3533_i | fd_42106_i | fd_2136_i | fd_2180_i | fd_29970_i | fd_28508_i | fd_52309_i | fd_2255_i | fd_2299_i | fd_2329_i | fd_52345_i | fd_18681_i | fd_30042_i | fd_31037_i | fd_47896_i | fd_47930_i | fd_4459_i | fd_40117_i | fd_31008_i | fd_5328_i | fd_5367_i | fd_5530_i | fd_3117_i | fd_34853_i | fd_42374_i | fd_21812_i | fd_58232_i | fd_6327_i | fd_22263_i | fd_51666_i | fd_34432_i | fd_52740_i | 
"ARTstor Workspace, Cornell: John Clair Miller: Published On",publishing_status-823-updated_on
Work_LatestDate1,fd_35653_ifd_46673_i | fd_21170_i | fd_21246_i | fd_5453_i | 
Source Collection Owner,fd_31710_s
Orig Date,fd_2161_sfd_21808_s | 
"Shared Shelf Commons, Cornell: Willard D. Straight in Korea: Published By",publishing_status.145.updated_by
Longitude,fd_44669_sfd_24242_s | fd_28498_s | fd_24664_s | fd_31114_s | fd_51024_s | fd_25458_s | fd_36160_s | fd_58681_s | fd_1479_s | fd_1512_s | fd_1545_s | fd_22777_s | fd_20061_s | fd_44729_s | fd_3376_s | fd_41010_s | fd_31370_s | fd_27336_s | fd_42486_s | fd_42117_s | fd_2147_s | fd_29981_s | fd_28519_s | fd_52320_s | fd_52356_s | fd_18692_s | fd_31048_s | fd_47907_s | fd_47941_s | fd_40113_s | fd_31019_s | fd_28570_s | fd_34864_s | fd_42385_s | fd_21821_s | fd_6338_s | fd_51677_s | 
"Shared Shelf Commons, Cornell: The J. R. Sitlington Sterrett Collection of Archaeological Photographs: Status",publishing_status.2301.status
Thumbnail,representation_id
Work_DescriptionSource,fd_35664_sfd_46684_s | fd_21187_s | fd_21263_s | fd_5464_s | 
"Shared Shelf Commons, Cornell: Andrew Dickson White Collection of Architectural Photographs: Published On",publishing_status-959-updated_on
Tape Contents,fd_44742_s
Disc Type Note,fd_24896_s
System Requirements,fd_28697_s
Disclaimer,fd_5864_sfd_5865_s | fd_21841_s | 
Place Name (Local),fd_38352_s
Last line number,fd_26726_s
test,fd_31520_s
Orig. Filename,fd_3525_s
"ARTstor Workspace, Cornell: New York State Aerial Photographs: Status",publishing_status.155.status
Text on Pressed Disc,fd_24720_s
"Shared Shelf Commons, Cornell: Beyond the Taj: Architectural Traditions and Landscape Experience in South Asia: Published By",publishing_status.958.updated_by
Cataloger,fd_4019_s
Canticle Image,fd_2398_s
"Shared Shelf Commons, Cornell: Persuasive Cartography: The PJ Mode Collection: Status",publishing_status.956.statuspublishing_status.1674.status | 
Start time,fd_6316_s
"Shared Shelf Commons, Icelandic and Faroese Photographs of Frederick W.W. Howell: Published By",publishing_status.115.updated_by
"ARTstor Workspace, Cornell: Selections from the Anthropology Collections: Published By",publishing_status.283.updated_by
Descriptors (Italian),fd_2388_s
Duration,fd_28538_sfd_4043_s | 
Old Call Number,fd_2306_s
term number,fd_50376_s
Measurements (inches),fd_2974_s
Plan and Site Details,fd_39639_s
"ARTstor Workspace, Archivision Library Module 10 - Cornell: Published On",publishing_status-1187-updated_on
Pattern and Texture,fd_51057_s
Reference ID,fd_4503_s
Donor Address,fd_51040_s
"Shared Shelf Commons, Cornell: Selections from the Anthropology Collections: Status",publishing_status.284.status
Transcription,fd_1524_sfd_1557_s | fd_3393_s | 
Language,fd_26730_sfd_5870_s | fd_5868_s | fd_44744_s | fd_5869_s | fd_3484_s | fd_62007_lookup | fd_28532_s | fd_4210_s | 
Date,fd_14712_sfd_44656_s | fd_15739_s | fd_4510_s | fd_24651_s | fd_24680_s | fd_4786_s | fd_31101_s | fd_51011_s | fd_25445_s | fd_36147_s | fd_3154_s | fd_58683_s | fd_41076_s | fd_25695_s | fd_1466_s | fd_1499_s | fd_1532_s | fd_22764_s | fd_20048_s | fd_44716_s | fd_17170_s | fd_3363_s | fd_31574_s | fd_40997_s | fd_31357_s | fd_27323_s | fd_1948_s | fd_3449_s | fd_3494_s | fd_2079_s | fd_2107_s | fd_3531_s | fd_42104_s | fd_2134_s | fd_2178_s | fd_29968_s | fd_28506_s | fd_52307_s | fd_2253_s | fd_2327_s | fd_52343_s | fd_18679_s | fd_30040_s | fd_31035_s | fd_47894_s | fd_4457_s | fd_40115_s | fd_31006_s | fd_5326_s | fd_6452_s | fd_31484_s | fd_5528_s | fd_3115_s | fd_34851_s | fd_42372_s | fd_21807_s | fd_58230_s | fd_53966_s | fd_6325_s | fd_22261_s | fd_51664_s | fd_34430_s | fd_3961_s | fd_52738_s | 
"ARTstor Workspace, Cornell: Laboratory of Ornithology Gallery of Bird and Wildlife Art: Published By",publishing_status.1352.updated_by
Repository,fd_14720_sfd_44664_lookup | fd_24237_lookup | fd_15747_s | fd_4518_s | fd_24659_lookup | fd_24688_lookup | fd_4794_s | fd_31109_lookup | fd_51019_lookup | fd_25453_lookup | fd_36155_lookup | fd_3162_s | fd_58690_lookup | fd_41084_lookup | fd_25703_lookup | fd_1474_s | fd_1507_s | fd_1540_s | fd_4088_s | fd_22772_s | fd_20056_s | fd_44724_lookup | fd_17178_s | fd_3371_s | fd_31581_lookup | fd_41005_lookup | fd_31365_lookup | fd_27331_s | fd_1956_s | fd_3457_s | fd_3502_s | fd_2087_s | fd_2115_s | fd_3539_s | fd_42112_lookup | fd_2142_s | fd_2186_s | fd_28514_lookup | fd_52315_lookup | fd_2261_s | fd_2305_s | fd_2335_s | fd_52351_lookup | fd_18687_s | fd_31043_lookup | fd_47902_lookup | fd_47936_lookup | fd_4465_s | fd_40122_lookup | fd_31014_lookup | fd_5334_s | fd_5373_s | fd_31492_lookup | fd_5535_s | fd_3123_s | fd_34859_lookup | fd_42380_lookup | fd_21816_s | fd_53974_lookup | fd_6333_s | fd_22267_s | fd_51672_lookup | fd_3969_s | fd_52746_lookup | 
Source Publication,fd_30059_sfd_58248_s | 
URL,fd_51051_s
Metric Width,fd_4820_sfd_31593_s | 
Related Resources,fd_15757_s
Delivery Platforms,fd_28698_s
Period (original),fd_25698_lookup
Contents of Donor File,fd_51041_s
Work_SubjectDisplay,fd_35662_sfd_46682_s | fd_21185_lookup | fd_21261_s | fd_5648_lookup | 
"ARTstor Workspace, Archivision Library Module 9 - Cornell: Published By",publishing_status.759.updated_bypublishing_status.1175.updated_by | 
County,fd_42484_s
Location/Site,fd_47938_s
Scale,fd_42429_s
Description (Roman characters),fd_53992_s
Longitude (original),fd_25708_s
"Shared Shelf Commons, Cornell:  NewYork-Presbyterian/Weill Cornell Medical Center Archives Image Collection: Status",publishing_status.223.status
Slide location,fd_51076_s
Additional Imaging Notes,fd_24711_s
"ARTstor Workspace, Obama Visual Iconography: Published By",publishing_status.249.updated_by
Title (Devanagari),fd_24226_sfd_53963_s | 
Region/Geographic,fd_34458_lookup
Categories,fd_4044_mfcl_lookup
"Shared Shelf Commons, Cornell: Historic Glacial Images of Alaska and Greenland: Published On",publishing_status-1235-updated_on
Program Description,fd_38584_s
RDC Title,fd_28712_s
Image view description,fd_26734_s
"Shared Shelf Commons, Cornell: Theatre Prints and Books from Early Modern Japan: Published On",publishing_status-1251-updated_on
"ARTstor Workspace, Archivision Library - Module 8 - Cornell: Published By",publishing_status.420.updated_by
Collection Description,fd_28677_s
Culture (original),fd_25691_lookup
Street Style,fd_51056_s
"Shared Shelf Commons, Cornell: Kroch Asia Rare Materials Archive: Published On",publishing_status-208-updated_on
Techniques,fd_51015_lookup
"Omeka Plugin, SharedShelf: Published By",publishing_status.1007.updated_by
"ARTstor Workspace, Cornell: Southern Tenant Farmers Union Photographs: Published On",publishing_status-273-updated_on
Subject Phrase,fd_3186_s
Wearer Photo,fd_51095_s
OCR Text 1,fd_57731_s
SID JPEG CD Number,fd_2209_s
"ARTstor Workspace, Cornell: Midvale Steel Company Photographs Collected by Charles D. Wrege: Published By",publishing_status.279.updated_by
"ARTstor Workspace, Cornell: Efraim Racker Paintings: Status",publishing_status.450.status
Rights (Kheel),fd_62091_mfcl_lookup
Scanning Resolution,fd_2206_s
Event,fd_58675_sfd_40107_s | 
Latitude (original),fd_25707_s
Category,fd_50539_sfd_4486_s | 
Work_LocationType,fd_35671_sfd_46691_s | fd_21202_s | fd_21278_s | fd_5479_s | 
Expedition,fd_25148_s
"Shared Shelf Commons, Cornell: Oskar Diethelm Library for the History of Psychiatry: Status",publishing_status.480.status
Market Square Details,fd_39640_s
"ARTstor Workspace, Cornell Arts & Sciences Images for Teaching Collection: Published On",publishing_status-677-updated_on
SSID,id
Transcription (Islandica 48),fd_55280_s
"Shared Shelf Commons, Cornell: Claire Holt Papers: Images of Indonesian Art, Architecture, and Culture: Status",publishing_status.166.status
Publish Status,fd_65599_s
Publication Date,fd_31387_sfd_2297_s | fd_31510_s | 
Promoter,fd_4549_sfd_5554_s | 
Terms Governing Use,fd_4042_s
Archival Collection Title,fd_5543_s
Disc Layout,fd_24715_mfcl_lookup
Common Name,fd_52334_sfd_52370_s | fd_6454_s | 
End time,fd_6317_s
Sound,fd_24093_s
"ARTstor Workspace, Cornell Coins Collection: Status",publishing_status.201.status
Obverse,fd_2286_s
Color,fd_51044_sfd_4021_s | 
OCR Text 4,fd_65150_s
Image View Description,fd_44654_sfd_24227_s | fd_24649_s | fd_4784_s | fd_31099_s | fd_25443_s | fd_36145_s | fd_3152_s | fd_1464_s | fd_1497_s | fd_1530_s | fd_22762_s | fd_20046_s | fd_44714_s | fd_3361_s | fd_31573_s | fd_40995_s | fd_31355_s | fd_27321_s | fd_42102_s | fd_2132_s | fd_28504_s | fd_52305_s | fd_52341_s | fd_18677_s | fd_31033_s | fd_47892_s | fd_4455_s | fd_31004_s | fd_31482_s | fd_42370_s | fd_21803_s | fd_51662_s | fd_52736_s | 
Georgraphic Subject,fd_21716_lookup
"Shared Shelf Commons, Cornell: Theatre Prints and Books from Early Modern Japan: Status",publishing_status.1251.status
Image Title,fd_29966_sfd_47952_s | fd_5685_s | 
Display title,fd_46368_s
Photo Present?,fd_51080_s
Descriptive Subject,fd_2344_lookup
Project focus,fd_47964_mfcl_lookup
Descriptors (English),fd_2314_lookup
Town Description,fd_33310_s
"Shared Shelf Commons, Cornell: Campus Artifacts, Art & Memorabilia: Status",publishing_status.157.status
Subject Identification,fd_2384_lookup
LocalCollection,fd_35677_sfd_46697_s | fd_21206_s | fd_21282_s | fd_5483_s | 
Folder Number,fd_53264_s
Donation Date,fd_51038_s
Emulator Notes,fd_24897_s
Chapter Description,fd_5317_s
Image Note,fd_51009_s
Archival Location,fd_4795_sfd_31582_s | fd_6850_s | 
Exhibition,fd_5561_sfd_31598_s | 
Image View Type,fd_44655_sfd_24228_s | fd_24650_s | fd_31100_s | fd_51010_s | fd_25444_s | fd_36146_s | fd_1465_s | fd_1498_s | fd_1531_s | fd_22763_s | fd_20047_s | fd_44715_s | fd_3362_s | fd_40996_s | fd_31356_s | fd_27322_s | fd_3448_s | fd_42103_s | fd_2133_s | fd_29967_mfcl_lookup | fd_28505_s | fd_52306_s | fd_2252_s | fd_52342_s | fd_18678_s | fd_31034_s | fd_47893_s | fd_47927_s | fd_31005_s | fd_31483_s | fd_42371_s | fd_21810_s | fd_51663_s | fd_52737_s | 
Key Informant (Agent),fd_50540_s
Venue 2,fd_4542_sfd_5547_s | 
Proper Name Subject,fd_6848_mfcl_lookup
Political Party,fd_41115_s
"ARTstor Workspace, Cornell Gem Impressions Collection: Published On",publishing_status-788-updated_on
"Shared Shelf Commons, Vicos Collection: Published On",publishing_status-116-updated_on
Digitization Notes,fd_44743_s
"ARTstor Workspace, Cornell: Midvale Steel Company Photographs Collected by Charles D. Wrege: Published On",publishing_status-279-updated_on
Term,fd_49697_sfd_49698_s | fd_49699_s | fd_48938_s | fd_48939_s | fd_51036_s | fd_51042_s | fd_51054_s | fd_51073_s | fd_51093_s | fd_48970_s | fd_48971_s | fd_48972_s | fd_48882_s | fd_48883_s | fd_49273_s | fd_48776_s | fd_48780_s | fd_48781_s | fd_48833_s | fd_48834_s | fd_49647_s | fd_49648_s | fd_49649_s | fd_49650_s | fd_49651_s | fd_48884_s | fd_48885_s | fd_48886_s | fd_48825_s | fd_48826_s | fd_48908_s | fd_48827_s | 
Title (Roman Characters),fd_56351_s
People,fd_26937_lookup
"ARTstor Workspace, Cornell: New York Call Photographs: Status",publishing_status.275.status
Canto Image,fd_2399_s
"ARTstor Personal Collection, HM_Ernie Paniccioli Archive: Published On",publishing_status-1635-updated_on
"Measurements (cm, H x W)",fd_30045_sfd_58235_s | 
"Shared Shelf Commons, Cornell: Gem Impressions Collection: Published By",publishing_status.789.updated_by
_Creator 2 Type,fd_31640_mfcl_lookup
Subject Terms,fd_34953_mfcl_lookupfd_58242_mfcl_lookup | 
Kaltura ID,fd_58606_sfd_44745_s | fd_44650_s | 
Web Citation 2,fd_3191_s
Lines,fd_26720_s
Card Status,fd_2289_s
Bibliographic Information,fd_4814_sfd_31599_s | 
Orig Measurements,fd_2163_sfd_21846_s | 
"Shared Shelf Commons, Cornell: The Joe Conzo, Jr  Archive: Published By",publishing_status.325.updated_by
"Shared Shelf Commons, Cornell: John Reps Collection: Status",publishing_status.438.status
Venue,fd_4541_sfd_5546_s | 
"ARTstor Workspace, Cornell Gem Impressions Collection: Status",publishing_status.788.status
Subject ,fd_6845_mfcl_lookupfd_22272_lookup | 
"Shared Shelf Commons, Cornell: Gem Impressions Collection: Status",publishing_status.789.status
"ARTstor Workspace, Cornell: Claire Holt Papers: Images of Indonesian Art, Architecture, and Culture: Status",publishing_status.165.status
Scientific Name,fd_52335_sfd_52371_s | 
Item Location,fd_15767_sfd_25147_s | 
"ARTstor Workspace, Cornell: Billie Jean Isbell Andean Collection: Published On",publishing_status-149-updated_on
Contents,fd_3479_s
Work_WorktypeDisplay,fd_35680_lookupfd_46700_lookup | fd_21200_lookup | fd_21276_lookup | fd_5646_lookup | 
Rights Holder,fd_61544_s
URI Identifier,fd_4116_s
Copyright Status,fd_28680_s
"Shared Shelf Commons, Ernie Paniccioli Archive: Status",publishing_status.923.status
Image Description,fd_47926_s
Creator/Publisher,fd_42099_lookup
"ARTstor Workspace, Cornell: Vicos Collection: Published On",publishing_status-156-updated_on
Centerpoint Description,fd_43818_s
"Shared Shelf Commons, Mysteries at Eleusis: Images of Inscriptions: Published On",publishing_status-132-updated_on
Information Source,fd_47947_s
Metric Depth,fd_4821_sfd_31592_s | 
Original Dimensions,fd_3454_sfd_3499_s | fd_3536_s | 
Publication Title,fd_31383_sfd_31506_s | 
"ARTstor Workspace, Cornell Cast Collection: Published On",publishing_status-194-updated_on
Relationships (BibID),fd_22782_s
Region/Geographic notes,fd_46263_s
"ARTstor Workspace, Landslides Aerial Photography: Published On",publishing_status-198-updated_on
"ARTstor Workspace, Cornell Coins Collection: Published On",publishing_status-201-updated_on
"ARTstor Workspace, Cornell: Bernard Kassoy Teacher News Cartoons: Published On",publishing_status-285-updated_on
"ARTstor Workspace, Plant Pathology Herbarium (CUP): Published On",publishing_status-167-updated_on
OCR Text 2,fd_65148_s
"ARTstor Workspace, Cornell: Frank Gilbreth Motion Study Photographs: Status",publishing_status.277.status
Infestation,fd_51049_s
Title (English),fd_56352_sfd_4107_s | 
Performer(s),fd_4505_lookupfd_42453_lookup | 
Print Citation,fd_3188_s
Sponsor,fd_28696_s
Repaired negative match,fd_23861_s
Region,fd_25149_sfd_43535_s | 
Image Labels,fd_2397_s
"Shared Shelf Commons, Cornell: Cast Collection: Published By",publishing_status.195.updated_by
_Digital Lifecycle Date,fd_28702_s
Compatible Emulators,fd_24892_s
Format,fd_2972_sfd_3987_lookup | 
"ARTstor Workspace, Cornell: Alison Mason Kingsbury: Life and Art: Published By",publishing_status.148.updated_by
Computer Entry Date,fd_51065_s
"Shared Shelf Commons, Cornell: Political Americana Collection: Status",publishing_status.1131.status
"ARTstor Workspace, Cornell: Bernard Kassoy Teacher News Cartoons: Status",publishing_status.285.status
Set Number,fd_34460_s
Work_RelatedWork1,fd_35663_sfd_46683_s | fd_21186_s | fd_21262_s | fd_5463_s | 
Work_LocationDisplay,fd_35659_sfd_46679_s | fd_21178_s | fd_21254_s | fd_5650_lookup | 
Day,fd_43479_s
Bibliographic Title,fd_2294_s
"Shared Shelf Commons, New York State Aerial Photographs: Published On",publishing_status-87-updated_on
SSC_URL,fd_28497_sfd_28500_s | 
"ARTstor Workspace, Cornell: New York State Aerial Photographs: Published By",publishing_status.155.updated_by
"ARTstor Workspace, Landslides Aerial Photography: Published By",publishing_status.198.updated_by
"Shared Shelf Commons, Cornell: Ragamala Paintings Collection: Published On",publishing_status-1114-updated_on
Demographic,fd_51053_s
Journal Title,fd_31388_sfd_31511_s | 
Berlin Catalog No.,fd_29961_s
Condition,fd_51045_sfd_26732_s | fd_2171_s | fd_21838_s | 
"Shared Shelf Commons, Cornell: Claire Holt Papers: Images of Indonesian Art, Architecture, and Culture: Published On",publishing_status-166-updated_on
"ARTstor Workspace, Cornell: Mysteries at Eleusis: Images of Inscriptions: Status",publishing_status.151.status
Category Type,fd_4113_s
Image Date,fd_44677_sfd_24250_s | fd_24672_s | fd_31122_s | fd_51032_s | fd_25466_s | fd_36168_s | fd_1486_s | fd_1520_s | fd_1553_s | fd_22785_s | fd_20069_s | fd_44737_s | fd_3384_s | fd_41018_s | fd_31378_s | fd_42125_s | fd_2155_s | fd_2199_s | fd_28527_s | fd_52328_s | fd_2274_s | fd_52364_s | fd_18700_s | fd_31056_s | fd_47914_s | fd_47949_s | fd_4478_s | fd_31027_s | fd_31502_s | fd_42393_s | fd_21829_s | fd_51685_s | fd_34451_s | fd_52759_s | 
Journal Issue,fd_31389_sfd_31512_s | 
"Shared Shelf Commons, Divine Comedy Image Archive: Published On",publishing_status-117-updated_on
"Shared Shelf Commons, Cornell: Efraim Racker Paintings: Published By",publishing_status.412.updated_by
"ARTstor Workspace, Cornell: Selections from the Anthropology Collections: Status",publishing_status.283.status
Glacier,fd_25150_lookup
Notes,fd_4554_sfd_51055_s | fd_58693_s | fd_22788_s | fd_3478_s | fd_3521_s | fd_3561_s | fd_52336_s | fd_52372_s | fd_18878_s | fd_40125_s | fd_48039_s | fd_48045_s | fd_48051_s | fd_48057_s | fd_48063_s | fd_48070_s | fd_48076_s | fd_48082_s | fd_48088_s | fd_48094_s | fd_48100_s | fd_48106_s | fd_48112_s | fd_48118_s | fd_48124_s | fd_48130_s | fd_48136_s | fd_48142_s | fd_48148_s | fd_48155_s | fd_48162_s | fd_48168_s | fd_48174_s | fd_48180_s | fd_48186_s | fd_48192_s | fd_48198_s | fd_48204_s | fd_48210_s | fd_48216_s | fd_48222_s | fd_48228_s | fd_48234_s | fd_48240_s | fd_48246_s | fd_48252_s | fd_48258_s | fd_48264_s | fd_48270_s | fd_48276_s | fd_48282_s | fd_48288_s | fd_48294_s | fd_48300_s | fd_48306_s | fd_48312_s | fd_5397_s | fd_5559_s | fd_3146_s | fd_36140_s | fd_34459_s | fd_5316_s | 
Stosch Category,fd_21869_s
Source,fd_15621_sfd_44675_s | fd_24248_s | fd_24670_s | fd_31120_s | fd_51030_s | fd_25464_s | fd_36166_s | fd_25714_s | fd_1518_s | fd_1551_s | fd_22783_s | fd_20067_s | fd_44735_s | fd_3382_s | fd_41016_s | fd_31376_s | fd_1967_s | fd_3468_s | fd_2098_s | fd_2122_s | fd_42123_s | fd_2153_s | fd_2197_s | fd_29987_s | fd_28525_s | fd_52326_s | fd_2346_s | fd_52362_s | fd_18698_s | fd_31054_s | fd_47913_s | fd_59996_s | fd_48036_mfcl_lookup | fd_48042_mfcl_lookup | fd_48048_mfcl_lookup | fd_48054_mfcl_lookup | fd_48060_mfcl_lookup | fd_48067_mfcl_lookup | fd_48073_mfcl_lookup | fd_48079_mfcl_lookup | fd_48085_mfcl_lookup | fd_48091_mfcl_lookup | fd_48097_mfcl_lookup | fd_48103_mfcl_lookup | fd_48109_mfcl_lookup | fd_48115_mfcl_lookup | fd_48121_mfcl_lookup | fd_48127_mfcl_lookup | fd_48133_mfcl_lookup | fd_48139_mfcl_lookup | fd_48145_mfcl_lookup | fd_48152_mfcl_lookup | fd_48159_mfcl_lookup | fd_48165_mfcl_lookup | fd_48171_mfcl_lookup | fd_48177_mfcl_lookup | fd_48183_mfcl_lookup | fd_48189_mfcl_lookup | fd_48195_mfcl_lookup | fd_48201_mfcl_lookup | fd_48207_mfcl_lookup | fd_48213_mfcl_lookup | fd_48219_mfcl_lookup | fd_48225_mfcl_lookup | fd_48231_mfcl_lookup | fd_48237_mfcl_lookup | fd_48243_mfcl_lookup | fd_48249_mfcl_lookup | fd_48255_mfcl_lookup | fd_48261_mfcl_lookup | fd_48267_mfcl_lookup | fd_48273_mfcl_lookup | fd_48279_mfcl_lookup | fd_48285_mfcl_lookup | fd_48291_mfcl_lookup | fd_48297_mfcl_lookup | fd_48303_mfcl_lookup | fd_48309_mfcl_lookup | fd_31025_s | fd_31500_s | fd_3134_s | fd_42391_s | fd_21827_s | fd_6344_s | fd_51683_s | fd_34449_s | fd_52757_s | 
Websites,fd_28704_s
Earliest Date,fd_14713_ifd_44657_i | fd_24230_i | fd_15740_i | fd_4511_i | fd_24652_i | fd_4787_i | fd_31102_i | fd_51012_i | fd_25446_i | fd_36148_i | fd_3155_i | fd_58684_i | fd_41077_i | fd_25696_i | fd_1467_i | fd_1500_i | fd_1533_i | fd_4081_i | fd_22765_i | fd_20049_i | fd_44717_i | fd_17171_i | fd_3364_i | fd_31575_i | fd_40998_i | fd_27324_i | fd_1949_i | fd_3450_i | fd_3495_i | fd_2080_i | fd_2108_i | fd_3532_i | fd_42105_i | fd_2135_i | fd_2179_i | fd_29969_i | fd_28507_i | fd_52308_i | fd_2254_i | fd_2298_i | fd_2328_i | fd_52344_i | fd_18680_i | fd_30041_i | fd_31036_i | fd_47895_i | fd_47929_i | fd_4458_i | fd_40116_i | fd_31007_i | fd_5327_i | fd_5366_i | fd_5529_i | fd_3116_i | fd_34852_i | fd_42373_i | fd_21811_i | fd_58231_i | fd_6326_i | fd_22262_i | fd_51665_i | fd_34431_i | fd_52739_i | 
Group,fd_41149_s
"Shared Shelf Commons, Cornell: Squeeze Collection: Status",publishing_status.747.status
Set Title,fd_46261_s
Hardware / Software,fd_4213_s
"Shared Shelf Commons, Cornell: John Clair Miller Collection: Status",publishing_status.824.status
"Shared Shelf Commons, Cornell: Knowledge of the World in Early Modern Japan: Published On",publishing_status-1278-updated_on
Title (German),fd_4077_s
Dress Code,fd_4552_sfd_5557_s | 
Inventory No.,fd_29962_s
Term ID,id
"ARTstor Workspace, Archivision Library Module 10 - Cornell: Published By",publishing_status.1187.updated_by
GPS,fd_35679_sfd_46699_s | fd_21194_s | fd_21270_s | fd_5471_s | 
Occasion,fd_28535_s
Orig Creator,fd_2159_lookupfd_21805_lookup | 
Genus,fd_5395_s
"Shared Shelf Commons, Cornell: Bernard Kassoy Teacher News Cartoons: Published On",publishing_status-286-updated_on
"ARTstor Workspace, Plant Pathology Herbarium (CUP): Status",publishing_status.167.status
ARTstor Id,fd_1485_sfd_1523_s | fd_1556_s | fd_4104_s | fd_3387_s | fd_3473_s | fd_3518_s | fd_3555_s | fd_2158_s | fd_2202_s | fd_4481_s | fd_5350_s | fd_31524_s | fd_5468_s | fd_21844_s | fd_22278_s | fd_3985_s | 
"ARTstor Workspace, Kroch Asia Rare Materials Archive: Status",publishing_status.207.status
"ARTstor Workspace, Cornell: International Ladies' Garment Workers' Union Photographs: Published On",publishing_status-281-updated_on
Species,fd_5396_s
Conservation and Treatment History,fd_51066_s
Storage Location,fd_51070_s
"ARTstor Workspace, Cornell Cast Collection: Published By",publishing_status.194.updated_by
Digitization Date,fd_3194_s
"ARTstor Workspace, Archivision Library Module 10 - Cornell: Status",publishing_status.1187.status
Description Citation,fd_3187_sfd_1489_s | 
"Shared Shelf Commons, Cornell: Bernard Kassoy Teacher News Cartoons: Status",publishing_status.286.status
"Shared Shelf Commons, Cornell: Obama Visual Iconography: Status",publishing_status.250.status
"ARTstor Workspace, Kroch Asia Rare Materials Archive: Published By",publishing_status.207.updated_by
"Shared Shelf Commons, Cornell: International Ladies' Garment Workers' Union Photographs: Published On",publishing_status-282-updated_on
Negative No.,fd_2284_s
"ARTstor Workspace, Cornell: Divine Comedy Image Archive: Status",publishing_status.150.status
Institution ID,institution_id
Trim,fd_51058_s
Additional Physical Form,fd_4018_s
Project Aim,fd_47965_s
Location (original),fd_25705_lookup
"ARTstor Workspace, Cornell: Vicos Collection: Status",publishing_status.156.status
Subject (Local),fd_3145_s
"ARTstor Workspace, Cornell: Divine Comedy Image Archive: Published On",publishing_status-150-updated_on
Letter Height Type,fd_4500_s
"ARTstor Workspace, Cornell: The Joe Conzo, Jr  Archive: Published On",publishing_status-324-updated_on
Project Location,fd_29978_lookup
Artstor Latest Date,fd_31486_s
"Shared Shelf Commons, Vicos Collection: Status",publishing_status.116.status
Creator (Organization),fd_61994_s
Series Relation,fd_3192_s
"ARTstor Workspace, Cornell: Images from the Cornell University Library Map Collection: Status",publishing_status.154.status
"ARTstor Workspace, Cornell Squeeze Collection: Published By",publishing_status.748.updated_by
References,fd_30157_sfd_58247_s | 
Work_InscriptionDisplay,fd_35676_sfd_46696_s | fd_21196_s | fd_21272_s | fd_5473_s | 
Archive,fd_6456_s
"ARTstor Workspace, Cornell: John Reps Collection: Published By",publishing_status.439.updated_by
Catalog Number,fd_31393_sfd_31516_s | 
Project Title,fd_29965_sfd_47925_s | 
MEDIA,fd_47967_mfcl_lookup
Collection #,fd_58696_sfd_40128_s | fd_39816_s | 
Accession Date,fd_51060_s
Filesystems on disc,fd_24717_mfcl_lookup
Restrictions,fd_28537_sfd_6853_s | fd_22287_s | 
Digital Creators,fd_28673_s
"Shared Shelf Commons, Cornell: Persuasive Cartography: The PJ Mode Collection: Published On",publishing_status-956-updated_onpublishing_status-1674-updated_on | 
"ARTstor Workspace, Cornell: Campus Artifacts, Art & Memorabilia: Published By",publishing_status.32.updated_by
"Shared Shelf Commons, Cornell:  NewYork-Presbyterian/Weill Cornell Medical Center Archives Image Collection: Published By",publishing_status.223.updated_by
Campus Location,fd_2144_sfd_21818_s | 
"ARTstor Workspace, Cornell: Icelandic and Faroese Photographs of Frederick W.W. Howell: Published On",publishing_status-152-updated_on
"Shared Shelf Commons, Cornell: Claire Holt Papers: Images of Indonesian Art, Architecture, and Culture: Published By",publishing_status.166.updated_by
"ARTstor Workspace, Archivision Library Module 9 - Cornell: Published On",publishing_status-759-updated_onpublishing_status-1175-updated_on | 
"Shared Shelf Commons, Cornell: Efraim Racker Paintings: Status",publishing_status.412.status
"ARTstor Workspace, Cornell: Mysteries at Eleusis: Images of Inscriptions: Published By",publishing_status.151.updated_by
"Shared Shelf Commons, Cornell: John Clair Miller Collection: Published On",publishing_status-824-updated_on
Voigt Catalog Model Number,fd_4089_s
Rename,fd_45818_s
Ensemble / Medium,fd_28530_s
Work,fd_31381_lookupfd_31521_lookup | 
Drawer Number,fd_5393_s
Century,fd_41111_sfd_2387_s | 
Image_Description,fd_35682_sfd_46702_s | fd_21197_s | fd_21273_s | fd_5474_s | 
Appraisal Date,fd_51063_s
Track,fd_43536_s
Work_MaterialDisplay,fd_35655_sfd_46675_s | fd_21172_s | fd_21248_s | fd_5455_s | 
"Shared Shelf Commons, Cornell: John Reps Collection - Bastides: Published On",publishing_status-777-updated_on
"Shared Shelf Commons, Divine Comedy Image Archive: Published By",publishing_status.117.updated_by
"ARTstor Personal Collection, HM_Ernie Paniccioli Archive: Status",publishing_status.1635.status
Reps Subject,fd_18879_s
Performer Matrix,fd_28536_s
"ARTstor Workspace, Cornell: Reuleaux Kinematic Mechanisms Collection: Published By",publishing_status.153.updated_by
Orig Culture,fd_2160_sfd_21806_lookup | 
"Shared Shelf Commons, Cornell: Coins Collection : Published On",publishing_status-202-updated_on
Special Features,fd_39641_s
Condition Note,fd_51059_s
Deity/Image's number within set,fd_34462_s
"Shared Shelf Commons, Icelandic and Faroese Photographs of Frederick W.W. Howell: Published On",publishing_status-115-updated_on
Alternate Title,fd_43815_sfd_47919_s | 
Description,fd_14728_sfd_44672_s | fd_24245_s | fd_15755_s | fd_24667_s | fd_24696_s | fd_4802_s | fd_31117_s | fd_51027_s | fd_25461_s | fd_36163_s | fd_3170_s | fd_58676_s | fd_41092_s | fd_25711_s | fd_1482_s | fd_1515_s | fd_1548_s | fd_4096_s | fd_22780_s | fd_20064_s | fd_44732_s | fd_17186_s | fd_3379_s | fd_31585_s | fd_41013_s | fd_31373_s | fd_3465_s | fd_3510_s | fd_2095_s | fd_2119_s | fd_3547_s | fd_42120_s | fd_2150_s | fd_2194_s | fd_29984_s | fd_28522_s | fd_52323_s | fd_2343_s | fd_52359_s | fd_18695_s | fd_30056_s | fd_31051_s | fd_47910_s | fd_4473_s | fd_40108_s | fd_48038_s | fd_48044_s | fd_48050_s | fd_48056_s | fd_48062_s | fd_48069_s | fd_48075_s | fd_48081_s | fd_48087_s | fd_48093_s | fd_48099_s | fd_48105_s | fd_48111_s | fd_48117_s | fd_48123_s | fd_48129_s | fd_48135_s | fd_48141_s | fd_48147_s | fd_48154_s | fd_48161_s | fd_48167_s | fd_48173_s | fd_48179_s | fd_48185_s | fd_48191_s | fd_48197_s | fd_48203_s | fd_48209_s | fd_48215_s | fd_48221_s | fd_48227_s | fd_48233_s | fd_48239_s | fd_48245_s | fd_48251_s | fd_48257_s | fd_48263_s | fd_48269_s | fd_48275_s | fd_48281_s | fd_48287_s | fd_48293_s | fd_48299_s | fd_48305_s | fd_48311_s | fd_31022_s | fd_5342_s | fd_6453_s | fd_31497_s | fd_3131_s | fd_34867_s | fd_42388_s | fd_21824_s | fd_58240_s | fd_6341_s | fd_22271_s | fd_51680_s | fd_52754_s | 
Status,fd_31396_mfcl_lookupfd_43534_s | fd_31518_mfcl_lookup | 
Project Manager,fd_31638_mfcl_lookup
Duplicate Number,fd_51047_s
"ARTstor Workspace, Cornell: Frank Gilbreth Motion Study Photographs: Published On",publishing_status-277-updated_on
"Shared Shelf Commons, Divine Comedy Image Archive: Status",publishing_status.117.status
Imaging Technician,fd_24705_s
Publication Type,fd_31382_sfd_31505_s | 
"ARTstor Workspace, Cornell: John Clair Miller: Published By",publishing_status.823.updated_by
